"www.facebook.com/100001555875488"	"http://www.linkedin.com/pub/alex-lopez/10/a65/a32"	"M"
"www.facebook.com/1249232045"	"http://www.linkedin.com/pub/hai-nguyen/47/174/858"	"N"
"www.facebook.com/100002618105492"	"http://www.linkedin.com/pub/david-sanchez/23/40a/474"	"M"
"www.facebook.com/1060984114"	"http://www.linkedin.com/pub/alex-gonzalez/26/731/918"	"M"
"www.facebook.com/18807425"	"http://www.linkedin.com/pub/chris-jackson/70/340/799"	"M"
"www.facebook.com/100001544480825"	"http://www.linkedin.com/pub/angel-mendoza/72/b1a/b73"	"M"
"www.facebook.com/100003719740038"	"http://www.linkedin.com/pub/carlos-garcia/47/a87/595"	"M"
"www.facebook.com/100001553919616"	"http://www.linkedin.com/pub/eduardo-perez/4b/22/899"	"M"
"www.facebook.com/100002546056688"	"http://www.linkedin.com/pub/antonio-hernandez/47/ab3/646"	"M"
"www.facebook.com/100003121352750"	"http://www.linkedin.com/pub/alex-diaz/52/915/447"	"N"
"www.facebook.com/100002684675622"	"http://www.linkedin.com/pub/adriana-lopez/44/b8b/701"	"M"
"www.facebook.com/100000173593862"	"http://www.linkedin.com/pub/adriana-lopez/44/b8b/701"	"N"
"www.facebook.com/100002217329068"	"http://www.linkedin.com/pub/alejandro-torres/66/9b7/b3"	"M"
"www.facebook.com/100003811980143"	"http://www.linkedin.com/pub/anthony-garcia/6a/508/7ab"	"M"
"www.facebook.com/100001955056965"	"http://www.linkedin.com/pub/edwin-rodriguez/21/ab/2a6"	"N"
"www.facebook.com/762169678"	"http://www.linkedin.com/pub/david-wong/47/a27/909"	"N"
"www.facebook.com/100001443810535"	"http://www.linkedin.com/pub/ariel-gonzalez/69/245/9a3"	"M"
"www.facebook.com/1283058219"	"http://www.linkedin.com/pub/armando-diaz/47/a27/4a6"	"M"
"www.facebook.com/100002186298053"	"http://www.linkedin.com/pub/adriana-garcia/50/156/340"	"N"
"www.facebook.com/100002083176271"	"http://www.linkedin.com/pub/hugo-garcia/14/a58/824"	"M"
"www.facebook.com/100004398551005"	"http://www.linkedin.com/pub/david-flores/35/5a6/226"	"N"
"www.facebook.com/100001102392353"	"http://www.linkedin.com/pub/alfredo-rodriguez/54/949/772"	"M"
"www.facebook.com/100003493798108"	"http://www.linkedin.com/pub/claudia-lopez/6b/650/37"	"M"
"www.facebook.com/100001330773181"	"http://www.linkedin.com/pub/david-rodriguez/5/b63/2b3"	"M"
"www.facebook.com/1152690650"	"http://www.linkedin.com/pub/enrique-rodriguez/71/93b/2a3"	"N"
"www.facebook.com/1382335118"	"http://www.linkedin.com/pub/diana-ramirez/65/164/138"	"N"
"www.facebook.com/100000083329593"	"http://www.linkedin.com/pub/angel-perez/69/6ab/62b"	"M"
"www.facebook.com/100000571880690"	"http://www.linkedin.com/pub/carmen-hernandez/63/728/591"	"M"
"www.facebook.com/1660610563"	"http://www.linkedin.com/pub/hector-garcia/9/aba/bab"	"M"
"www.facebook.com/100001333025496"	"http://www.linkedin.com/pub/claudia-marcela-rodriguez/67/495/36b"	"N"
"www.facebook.com/100000290743652"	"http://www.linkedin.com/pub/cesar-gonzalez/46/951/800"	"M"
"www.facebook.com/100001531213989"	"http://www.linkedin.com/pub/elizabeth-rodriguez/64/263/216"	"N"
"www.facebook.com/100003846421227"	"http://www.linkedin.com/pub/erick-hernandez/45/480/50"	"N"
"www.facebook.com/37526218"	"http://www.linkedin.com/pub/danny-nguyen/17/b57/5a"	"M"
"www.facebook.com/100000533653950"	"http://www.linkedin.com/pub/danny-nguyen/17/b57/5a"	"N"
"www.facebook.com/100003881242118"	"http://www.linkedin.com/pub/andres-a-gonzalez/33/a09/a93"	"M"
"www.facebook.com/25411427"	"http://www.linkedin.com/pub/cesar-gonzalez/46/951/800"	"N"
"www.facebook.com/100002618105492"	"http://www.linkedin.com/pub/david-sanchez/51/93b/93"	"M"
"www.facebook.com/505750539"	"http://www.linkedin.com/pub/david-smith/75/316/395"	"N"
"www.facebook.com/100000441327147"	"http://www.linkedin.com/pub/anil-kumar/23/ab3/43a"	"M"
"www.facebook.com/100000300106110"	"http://www.linkedin.com/pub/carmen-hernandez/63/728/591"	"N"
"www.facebook.com/100000107821322"	"http://www.linkedin.com/pub/carlos-rodriguez/20/95/846"	"M"
"www.facebook.com/651693246"	"http://www.linkedin.com/pub/angel-gomez/65/95b/306"	"M"
"www.facebook.com/100000105268138"	"http://www.linkedin.com/pub/carlos-cruz/5b/a56/95a"	"N"
"www.facebook.com/100000233778078"	"http://www.linkedin.com/pub/binh-nguyen/69/525/21b"	"M"
"www.facebook.com/100002142083621"	"http://www.linkedin.com/pub/ana-flores/42/203/2b8"	"N"
"www.facebook.com/916471"	"http://www.linkedin.com/pub/jay-balvant-patel/75/4b/8aa"	"N"
"www.facebook.com/100001074324634"	"http://www.linkedin.com/pub/alex-flores/15/71b/573"	"M"
"www.facebook.com/100000332367434"	"http://www.linkedin.com/pub/dhaval-patel/66/a3a/3bb"	"N"
"www.facebook.com/100000234032660"	"http://www.linkedin.com/pub/jimmy-rodriguez/76/a24/629"	"N"
"www.facebook.com/799649374"	"http://www.linkedin.com/pub/jorge-blanco/5a/56/188"	"M"
"www.facebook.com/100001268047726"	"http://www.linkedin.com/pub/chris-davis/46/846/852"	"M"
"www.facebook.com/1350705328"	"http://www.linkedin.com/pub/bob-smith/35/853/762"	"M"
"www.facebook.com/1524252096"	"http://www.linkedin.com/pub/javier-lopez/5a/303/466"	"N"
"www.facebook.com/100002291085849"	"http://www.linkedin.com/pub/anil-kumar/23/ab3/43a"	"M"
"www.facebook.com/1621460929"	"http://www.linkedin.com/pub/john-lloyd/3/9b5/58"	"N"
"www.facebook.com/202804995"	"http://www.linkedin.com/pub/carlos-rodriguez/20/95/846"	"M"
"www.facebook.com/100000589977004"	"http://www.linkedin.com/pub/carlos-hernandez/12/672/b47"	"M"
"www.facebook.com/100001234988248"	"http://www.linkedin.com/pub/carlos-hernandez/12/672/b47"	"M"
"www.facebook.com/100002390290184"	"http://www.linkedin.com/pub/carmen-hernandez/70/564/a81"	"M"
"www.facebook.com/1545251964"	"http://www.linkedin.com/pub/john-walker/71/8a6/4b0"	"N"
"www.facebook.com/599895064"	"http://www.linkedin.com/pub/jesus-ramirez/69/97b/852"	"M"
"www.facebook.com/100003224511355"	"http://www.linkedin.com/pub/christopher-lee/49/52b/633"	"M"
"www.facebook.com/100001135750657"	"http://www.linkedin.com/pub/eduardo-perez/4b/22/899"	"N"
"www.facebook.com/100004147984484"	"http://www.linkedin.com/pub/ana-rodriguez/23/662/6b4"	"N"
"www.facebook.com/22012507"	"http://www.linkedin.com/pub/andre-williams/74/47a/514"	"N"
"www.facebook.com/722650025"	"http://www.linkedin.com/pub/danny-nguyen/12/42/549"	"M"
"www.facebook.com/505293460"	"http://www.linkedin.com/pub/andre-williams/74/47a/514"	"N"
"www.facebook.com/100001870206228"	"http://www.linkedin.com/pub/jaime-hernandez/52/707/309"	"N"
"www.facebook.com/1203778"	"http://www.linkedin.com/in/davismikej"	"M"
"www.facebook.com/100001038803794"	"http://www.linkedin.com/pub/carlos-navarro/45/796/a21"	"M"
"www.facebook.com/793890087"	"http://www.linkedin.com/pub/brian-johnson/54/33b/b86"	"M"
"www.facebook.com/735867907"	"http://www.linkedin.com/pub/dhaval-patel/66/a3a/3bb"	"M"
"www.facebook.com/577351272"	"http://www.linkedin.com/pub/chris-brown/41/6b7/398"	"N"
"www.facebook.com/718960606"	"http://www.linkedin.com/pub/elaine-chen/50/a28/93b"	"N"
"www.facebook.com/617768023"	"http://www.linkedin.com/pub/ariel-gonzalez/69/245/9a3"	"M"
"www.facebook.com/1483694665"	"http://www.linkedin.com/pub/anil-kumar/23/ab3/43a"	"M"
"www.facebook.com/1312232"	"http://www.linkedin.com/pub/adam-gross/55/3b6/31a"	"N"
"www.facebook.com/1152789396"	"http://www.linkedin.com/pub/carlos-navarro/45/796/a21"	"M"
"www.facebook.com/100001612487749"	"http://www.linkedin.com/pub/carlos-alvarez/71/baa/57a"	"M"
"www.facebook.com/12800340"	"http://www.linkedin.com/pub/jennifer-williams/4b/30/858"	"N"
"www.facebook.com/501936591"	"http://www.linkedin.com/pub/adam-gross/55/3b6/31a"	"N"
"www.facebook.com/1321527489"	"http://www.linkedin.com/pub/ana-rodriguez/64/3a8/400"	"M"
"www.facebook.com/665860774"	"http://www.linkedin.com/pub/eric-nelson/59/82/713"	"N"
"www.facebook.com/1220962980"	"http://www.linkedin.com/pub/angel-perez/69/6ab/62b"	"M"
"www.facebook.com/100003897587060"	"http://www.linkedin.com/pub/amir-kassaei/21/543/604"	"M"
"www.facebook.com/100002683101824"	"http://www.linkedin.com/pub/chris-jones/53/432/801"	"M"
"www.facebook.com/100000249681317"	"http://www.linkedin.com/pub/anh-le/61/a38/405"	"M"
"www.facebook.com/100003096979405"	"http://www.linkedin.com/pub/francisco-gonzalez/68/610/63"	"M"
"www.facebook.com/100001140148657"	"http://www.linkedin.com/pub/cesar-flores/9/3b9/773"	"M"
"www.facebook.com/545613355"	"http://www.linkedin.com/pub/ankit-shah/59/357/813"	"M"
"www.facebook.com/550170322"	"http://www.linkedin.com/pub/alex-gonzalez/26/731/918"	"M"
"www.facebook.com/100000240886069"	"http://www.linkedin.com/pub/chris-jones/53/432/801"	"N"
"www.facebook.com/1564287663"	"http://www.linkedin.com/pub/alberto-sanchez/56/863/b97"	"M"
"www.facebook.com/100002676172930"	"http://www.linkedin.com/pub/carmen-hernandez/63/728/591"	"N"
"www.facebook.com/100000208977117"	"http://www.linkedin.com/pub/edwin-rodriguez/21/ab/2a6"	"N"
"www.facebook.com/100004015093556"	"http://www.linkedin.com/pub/amy-smith/62/9b1/a29"	"M"
"www.facebook.com/100003519484500"	"http://www.linkedin.com/pub/david-sanchez/23/40a/474"	"M"
"www.facebook.com/100001103660535"	"http://www.linkedin.com/pub/francisco-m-gonzalez/53/125/983"	"M"
"www.facebook.com/506862791"	"http://www.linkedin.com/pub/eric-johnson/75/966/aa0"	"N"
"www.facebook.com/100001161350533"	"http://www.linkedin.com/pub/ana-flores/71/801/238"	"N"
"www.facebook.com/100001936377875"	"http://www.linkedin.com/pub/christopher-lee/49/52b/633"	"M"
"www.facebook.com/100000142133259"	"http://www.linkedin.com/pub/angel-gomez/65/95b/306"	"M"
"www.facebook.com/789720967"	"http://www.linkedin.com/pub/elizabeth-rodriguez/64/263/216"	"M"
"www.facebook.com/100003582975462"	"http://www.linkedin.com/pub/chris-jackson/70/340/799"	"N"
"www.facebook.com/100002291085849"	"http://www.linkedin.com/pub/anil-kumar/29/582/725"	"M"
"www.facebook.com/100001844727594"	"http://www.linkedin.com/pub/carmen-hernandez/63/728/591"	"M"
"www.facebook.com/100000358974200"	"http://www.linkedin.com/pub/chris-davis/46/846/852"	"M"
"www.facebook.com/600534029"	"http://www.linkedin.com/pub/anil-kumar/23/ab3/43a"	"M"
"www.facebook.com/100002334262860"	"http://www.linkedin.com/pub/alex-diaz/4a/57a/a49"	"M"
"www.facebook.com/100000475681696"	"http://www.linkedin.com/pub/angel-perez/69/6ab/62b"	"M"
"www.facebook.com/100003223974977"	"http://www.linkedin.com/pub/carlos-campos/51/999/5b5"	"N"
"www.facebook.com/100001654627461"	"http://www.linkedin.com/pub/diego-fernando-gutierrez/76/401/188"	"N"
"www.facebook.com/100000751783658"	"http://www.linkedin.com/pub/alan-smith/61/995/830"	"M"
"www.facebook.com/100003264322824"	"http://www.linkedin.com/pub/ashley-green/6a/168/234"	"M"
"www.facebook.com/100000457950178"	"http://www.linkedin.com/pub/carlos-vargas/73/454/719"	"M"
"www.facebook.com/100001198393603"	"http://www.linkedin.com/pub/alejandro-aguilar/56/621/63"	"M"
"www.facebook.com/100000287277102"	"http://www.linkedin.com/pub/jorge-blanco/5a/56/188"	"M"
"www.facebook.com/1078371387"	"http://www.linkedin.com/pub/carmen-hernandez/63/728/591"	"N"
"www.facebook.com/100001495215808"	"http://www.linkedin.com/pub/jimmy-rodriguez/76/a24/629"	"N"
"www.facebook.com/100002511103820"	"http://www.linkedin.com/pub/angel-perez/37/89b/a85"	"M"
"www.facebook.com/100002142083621"	"http://www.linkedin.com/pub/ana-flores/71/801/238"	"N"
"www.facebook.com/517673557"	"http://www.linkedin.com/pub/alex-alvarez/5a/346/725"	"M"
"www.facebook.com/37527760"	"http://www.linkedin.com/pub/danny-nguyen/17/b57/5a"	"N"
"www.facebook.com/100002310882903"	"http://www.linkedin.com/pub/diana-ramirez/65/164/138"	"M"
"www.facebook.com/100002558589697"	"http://www.linkedin.com/pub/adam-jones/5a/560/964"	"N"
"www.facebook.com/1569684199"	"http://www.linkedin.com/pub/jennifer-smith/54/b35/259"	"M"
"www.facebook.com/626408318"	"http://www.linkedin.com/pub/diana-martinez/9/690/a40"	"N"
"www.facebook.com/100002529460088"	"http://www.linkedin.com/pub/john-smith/25/545/338"	"N"
"www.facebook.com/100000844597934"	"http://www.linkedin.com/pub/arturo-gomez/4a/51/22"	"M"
"www.facebook.com/1438578783"	"http://www.linkedin.com/pub/chris-williams/72/875/52"	"N"
"www.facebook.com/13559"	"http://www.linkedin.com/pub/joy-chen/20/472/519"	"N"
"www.facebook.com/100004051616334"	"http://www.linkedin.com/pub/david-flores/59/4b6/45a"	"M"
"www.facebook.com/100000179017290"	"http://www.linkedin.com/pub/alberto-sanchez/56/863/b97"	"M"
"www.facebook.com/100000014674953"	"http://www.linkedin.com/pub/carlos-hernandez/14/987/792"	"N"
"www.facebook.com/100001207258286"	"http://www.linkedin.com/pub/ariel-gonzalez/47/136/812"	"M"
"www.facebook.com/100000838508391"	"http://www.linkedin.com/pub/claudia-lopez/6b/650/37"	"M"
"www.facebook.com/100000871638944"	"http://www.linkedin.com/pub/carlos-hernandez/12/672/b47"	"M"
"www.facebook.com/100000573823770"	"http://www.linkedin.com/pub/ashley-green/6a/168/234"	"M"
"www.facebook.com/1361370304"	"http://www.linkedin.com/pub/james-wong/52/835/880"	"N"
"www.facebook.com/100003155635202"	"http://www.linkedin.com/pub/carlos-hernandez/14/987/792"	"M"
"www.facebook.com/100001691027175"	"http://www.linkedin.com/pub/diego-fernando-gutierrez/76/401/188"	"N"
"www.facebook.com/564401869"	"http://www.linkedin.com/pub/alice-lee/44/a90/790"	"M"
"www.facebook.com/1640030016"	"http://www.linkedin.com/pub/francisco-gonzalez/68/610/63"	"M"
"www.facebook.com/100001720423422"	"http://www.linkedin.com/pub/amy-smith/62/9b1/a29"	"M"
"www.facebook.com/712778058"	"http://www.linkedin.com/pub/diana-ramirez/65/164/138"	"M"
"www.facebook.com/689939003"	"http://www.linkedin.com/pub/carlos-vargas/73/454/719"	"N"
"www.facebook.com/100000629850354"	"http://www.linkedin.com/pub/alex-lopez/10/a65/a32"	"M"
"www.facebook.com/100001354991711"	"http://www.linkedin.com/pub/alex-diaz/52/915/447"	"N"
"www.facebook.com/100002630622140"	"http://www.linkedin.com/pub/eduardo-perez/4b/22/899"	"M"
"www.facebook.com/1227673207"	"http://www.linkedin.com/pub/kelly-rice/2a/860/474"	"M"
"www.facebook.com/100002533208866"	"http://www.linkedin.com/pub/carlos-torres/29/247/9a2"	"M"
"www.facebook.com/100001699113797"	"http://www.linkedin.com/pub/ana-flores/42/203/2b8"	"N"
"www.facebook.com/100002716777351"	"http://www.linkedin.com/pub/carlos-gomez/37/43b/b86"	"M"
"www.facebook.com/1115950047"	"http://www.linkedin.com/pub/dhaval-patel/66/a3a/3bb"	"M"
"www.facebook.com/100001741013284"	"http://www.linkedin.com/pub/hugo-garcia/14/a58/824"	"M"
"www.facebook.com/100002226847586"	"http://www.linkedin.com/pub/enrique-rodriguez/71/93b/2a3"	"M"
"www.facebook.com/100001188844010"	"http://www.linkedin.com/pub/ana-alvarez/6b/12a/882"	"N"
"www.facebook.com/100002260467482"	"http://www.linkedin.com/pub/ana-hernandez/54/423/863"	"N"
"www.facebook.com/7920779"	"http://www.linkedin.com/pub/eddie-lin/4/71/3b2"	"M"
"www.facebook.com/9212"	"http://www.linkedin.com/pub/david-sandor-king/5b/9b5/a1b"	"N"
"www.facebook.com/1027210088"	"http://www.linkedin.com/pub/angela-rodriguez/68/281/322"	"M"
"www.facebook.com/668810978"	"http://www.linkedin.com/pub/carlos-vargas/73/454/719"	"M"
"www.facebook.com/208501629"	"http://www.linkedin.com/pub/timothy-jones/22/901/198"	"M"
"www.facebook.com/100002348612912"	"http://www.linkedin.com/pub/carlos-martinez/21/6b3/4a7"	"N"
"www.facebook.com/734425920"	"http://www.linkedin.com/pub/brian-chen/50/320/2b9"	"N"
"www.facebook.com/1077704989"	"http://www.linkedin.com/pub/anthony-garcia/6a/508/7ab"	"N"
"www.facebook.com/100001432176584"	"http://www.linkedin.com/pub/claudia-marcela-rodriguez/67/495/36b"	"N"
"www.facebook.com/503330665"	"http://www.linkedin.com/pub/james-smith/8/998/965"	"M"
"www.facebook.com/100003612596420"	"http://www.linkedin.com/pub/ana-rodriguez/64/3a8/400"	"M"
"www.facebook.com/100002872382960"	"http://www.linkedin.com/pub/carlos-campos/51/999/5b5"	"N"
"www.facebook.com/100002283623372"	"http://www.linkedin.com/pub/jennifer-williams/4b/30/858"	"N"
"www.facebook.com/100000155428352"	"http://www.linkedin.com/pub/alice-lee/44/a90/790"	"M"
"www.facebook.com/100002652095992"	"http://www.linkedin.com/pub/ana-rodriguez/23/662/6b4"	"M"
"www.facebook.com/100002351755926"	"http://www.linkedin.com/pub/angela-martinez/66/b99/349"	"N"
"www.facebook.com/100001683360194"	"http://www.linkedin.com/pub/alex-williams/67/791/327"	"M"
"www.facebook.com/1625199685"	"http://www.linkedin.com/in/davehill1"	"M"
"www.facebook.com/100001496581883"	"http://www.linkedin.com/pub/ana-flores/71/801/238"	"N"
"www.facebook.com/100002578513660"	"http://www.linkedin.com/pub/carlos-hernandez/14/987/792"	"M"
"www.facebook.com/1302785163"	"http://www.linkedin.com/pub/carlos-navarro/45/796/a21"	"M"
"www.facebook.com/556293988"	"http://www.linkedin.com/pub/antonio-diaz/6/855/424"	"M"
"www.facebook.com/1431731985"	"http://www.linkedin.com/pub/alex-rodriguez/39/b28/891"	"M"
"www.facebook.com/26509270"	"http://www.linkedin.com/pub/david-carter/15/435/1b4"	"M"
"www.facebook.com/100003288760818"	"http://www.linkedin.com/pub/carlos-aguilar/74/9b/9"	"N"
"www.facebook.com/100002885731582"	"http://www.linkedin.com/pub/carlos-gomez/37/43b/b86"	"M"
"www.facebook.com/100001738399173"	"http://www.linkedin.com/pub/carlos-garcia/47/a87/595"	"M"
"www.facebook.com/1282347215"	"http://www.linkedin.com/pub/david-rodriguez/5/b63/2b3"	"M"
"www.facebook.com/19910507"	"http://www.linkedin.com/pub/deborah-lee/23/543/8b2"	"M"
"www.facebook.com/100001025572725"	"http://www.linkedin.com/pub/chris-johnson/64/781/b41"	"N"
"www.facebook.com/1133203889"	"http://www.linkedin.com/pub/ariel-gonzalez/69/245/9a3"	"M"
"www.facebook.com/1301507276"	"http://www.linkedin.com/pub/alex-rodriguez/39/b28/891"	"M"
"www.facebook.com/757572078"	"http://www.linkedin.com/pub/angel-gomez/65/95b/306"	"M"
"www.facebook.com/100003656927325"	"http://www.linkedin.com/pub/john-smith/25/545/338"	"N"
"www.facebook.com/100002893542236"	"http://www.linkedin.com/pub/jaime-hernandez/52/707/309"	"M"
"www.facebook.com/100000440333964"	"http://www.linkedin.com/pub/alex-rodriguez/39/b28/891"	"M"
"www.facebook.com/100001604176119"	"http://www.linkedin.com/pub/anh-tran/b/905/94a"	"M"
"www.facebook.com/100001086499275"	"http://www.linkedin.com/pub/carlos-alvarez/71/baa/57a"	"N"
"www.facebook.com/1395016659"	"http://www.linkedin.com/pub/brian-johnson/54/33b/b86"	"M"
"www.facebook.com/569971927"	"http://www.linkedin.com/pub/esther-kim/6/456/22b"	"M"
"www.facebook.com/1182907174"	"http://www.linkedin.com/pub/binh-nguyen/69/525/21b"	"N"
"www.facebook.com/579280698"	"http://www.linkedin.com/pub/diego-fernando-gutierrez/76/401/188"	"N"
"www.facebook.com/100001182962600"	"http://www.linkedin.com/pub/alex-flores/15/71b/573"	"M"
"www.facebook.com/100003711193103"	"http://www.linkedin.com/pub/emily-jones/62/a4a/139"	"M"
"www.facebook.com/1652470093"	"http://www.linkedin.com/pub/alex-chan/71/623/490"	"M"
"www.facebook.com/505847716"	"http://www.linkedin.com/pub/chris-williams/72/875/52"	"M"
"www.facebook.com/100000378307498"	"http://www.linkedin.com/pub/diana-ramirez/65/164/138"	"N"
"www.facebook.com/100003342423357"	"http://www.linkedin.com/pub/carlos-martinez/21/6b3/4a7"	"M"
"www.facebook.com/1097910057"	"http://www.linkedin.com/pub/chris-jones/47/535/2bb"	"N"
"www.facebook.com/626618272"	"http://www.linkedin.com/pub/adam-gross/55/3b6/31a"	"M"
"www.facebook.com/100000466105426"	"http://www.linkedin.com/pub/alex-diaz/4a/57a/a49"	"N"
"www.facebook.com/1044355081"	"http://www.linkedin.com/pub/david-sandor-king/5b/9b5/a1b"	"N"
"www.facebook.com/1110117891"	"http://www.linkedin.com/pub/claudia-gonzalez/17/767/a37"	"N"
"www.facebook.com/63304705"	"http://www.linkedin.com/pub/alex-diaz/4a/57a/a49"	"M"
"www.facebook.com/100001026647278"	"http://www.linkedin.com/pub/brenda-hernandez/45/48a/841"	"M"
"www.facebook.com/100001849622582"	"http://www.linkedin.com/pub/chris-jones/53/432/801"	"M"
"www.facebook.com/100001588364743"	"http://www.linkedin.com/pub/alfredo-rodriguez/54/949/772"	"M"
"www.facebook.com/100000871638944"	"http://www.linkedin.com/pub/carlos-hernandez/14/987/792"	"M"
"www.facebook.com/100000847806279"	"http://www.linkedin.com/pub/angela-rodriguez/68/281/322"	"N"
"www.facebook.com/569411036"	"http://www.linkedin.com/pub/brian-johnson/54/33b/b86"	"M"
"www.facebook.com/1008726"	"http://www.linkedin.com/pub/jason-white/61/5b/4b5"	"N"
"www.facebook.com/3326449"	"http://www.linkedin.com/pub/eunice-yoon-yi-kim/50/733/481"	"M"
"www.facebook.com/100003330887491"	"http://www.linkedin.com/pub/claudia-gonzalez/17/767/a37"	"N"
"www.facebook.com/36101656"	"http://www.linkedin.com/pub/chris-brown/41/6b7/398"	"N"
"www.facebook.com/100003526118264"	"http://www.linkedin.com/pub/erick-hernandez/45/480/50"	"M"
"www.facebook.com/63304705"	"http://www.linkedin.com/pub/alex-diaz/52/915/447"	"M"
"www.facebook.com/100000817978957"	"http://www.linkedin.com/pub/carlos-torres/75/391/690"	"N"
"www.facebook.com/100001554202376"	"http://www.linkedin.com/pub/ana-hernandez/54/423/863"	"N"
"www.facebook.com/100000589977004"	"http://www.linkedin.com/pub/carlos-hernandez/14/987/792"	"M"
"www.facebook.com/1249232045"	"http://www.linkedin.com/pub/hai-nguyen/61/449/76"	"N"
"www.facebook.com/1466500007"	"http://www.linkedin.com/pub/jesus-ramirez/69/97b/852"	"N"
"www.facebook.com/100002453285953"	"http://www.linkedin.com/pub/alex-lopez/10/a65/a32"	"N"
"www.facebook.com/100001234988248"	"http://www.linkedin.com/pub/carlos-hernandez/14/987/792"	"M"
"www.facebook.com/100001766786053"	"http://www.linkedin.com/pub/alfredo-rodriguez/54/949/772"	"M"
"www.facebook.com/100003144558385"	"http://www.linkedin.com/pub/adam-jones/5a/560/964"	"M"
"www.facebook.com/100004009611067"	"http://www.linkedin.com/pub/ana-lopez/34/859/b94"	"M"
"www.facebook.com/100000192208109"	"http://www.linkedin.com/pub/carlos-torres/29/247/9a2"	"N"
"www.facebook.com/1196791343"	"http://www.linkedin.com/pub/alberto-sanchez/56/863/b97"	"M"
"www.facebook.com/100001914083758"	"http://www.linkedin.com/pub/carlos-ruiz/58/793/3a2"	"M"
"www.facebook.com/1305729"	"http://www.linkedin.com/pub/emily-jones/62/a4a/139"	"N"
"www.facebook.com/44004424"	"http://www.linkedin.com/pub/whitney-bryen/37/888/807"	"M"
"www.facebook.com/100000145053835"	"http://www.linkedin.com/pub/jesus-ramirez/69/97b/852"	"M"
"www.facebook.com/100001066168590"	"http://www.linkedin.com/pub/antonio-garcia/72/4b6/248"	"M"
"www.facebook.com/100003722254725"	"http://www.linkedin.com/pub/carlos-cruz/49/ab8/1b3"	"M"
"www.facebook.com/100000410501406"	"http://www.linkedin.com/pub/ashley-green/39/71/8b1"	"N"
"www.facebook.com/100001005615263"	"http://www.linkedin.com/pub/alex-flores/15/71b/573"	"M"
"www.facebook.com/100000418257407"	"http://www.linkedin.com/pub/claudia-rodriguez/61/889/48a"	"M"
"www.facebook.com/1810886735"	"http://www.linkedin.com/pub/anh-le/61/a38/405"	"M"
"www.facebook.com/577020986"	"http://www.linkedin.com/pub/jorge-gutierrez/3a/90/29b"	"N"
"www.facebook.com/1143790727"	"http://www.linkedin.com/pub/chris-brown/12/591/224"	"N"
"www.facebook.com/100000610221368"	"http://www.linkedin.com/pub/chris-williams/72/875/52"	"M"
"www.facebook.com/100001984831249"	"http://www.linkedin.com/pub/carlos-martinez/72/651/174"	"M"
"www.facebook.com/1281463280"	"http://www.linkedin.com/pub/uyen-nguyen/16/1b1/249"	"M"
"www.facebook.com/677921669"	"http://www.linkedin.com/pub/amy-smith/62/9b1/a29"	"N"
"www.facebook.com/1437039812"	"http://www.linkedin.com/pub/diego-fernando-gutierrez/76/401/188"	"M"
"www.facebook.com/767300607"	"http://www.linkedin.com/pub/christopher-smith/44/327/840"	"N"
"www.facebook.com/100001995275916"	"http://www.linkedin.com/pub/carlos-gomez/37/43b/b86"	"N"
"www.facebook.com/1049387793"	"http://www.linkedin.com/pub/angel-mendoza/72/b1a/b73"	"M"
"www.facebook.com/100000217147425"	"http://www.linkedin.com/pub/alex-lopez/10/a65/a32"	"N"
"www.facebook.com/719030647"	"http://www.linkedin.com/pub/david-diaz/30/119/9b7"	"M"
"www.facebook.com/100002281905463"	"http://www.linkedin.com/pub/ana-hernandez/54/423/863"	"M"
"www.facebook.com/12015862022"	"http://www.linkedin.com/pub/carlos-navarro/45/796/a21"	"M"
"www.facebook.com/100000141379311"	"http://www.linkedin.com/pub/anh-tran/b/905/94a"	"M"
"www.facebook.com/100001372129074"	"http://www.linkedin.com/pub/christopher-smith/44/327/840"	"M"
"www.facebook.com/1840556467"	"http://www.linkedin.com/pub/anthony-garcia/6a/508/7ab"	"M"
"www.facebook.com/100000732638217"	"http://www.linkedin.com/pub/an-nguyen/15/43b/977"	"M"
"www.facebook.com/1537625360"	"http://www.linkedin.com/in/managerial"	"M"
"www.facebook.com/100001452949236"	"http://www.linkedin.com/pub/carlos-martinez/21/6b3/4a7"	"M"
"www.facebook.com/100001699113797"	"http://www.linkedin.com/pub/ana-flores/71/801/238"	"N"
"www.facebook.com/39610869"	"http://www.linkedin.com/pub/david-smith/75/316/395"	"M"
"www.facebook.com/546571410"	"http://www.linkedin.com/in/johnnyblee"	"M"
"www.facebook.com/100001032948260"	"http://www.linkedin.com/pub/david-rodriguez/5/b63/2b3"	"N"
"www.facebook.com/100002686183248"	"http://www.linkedin.com/pub/javier-lopez/5a/303/466"	"N"
"www.facebook.com/643138832"	"http://www.linkedin.com/pub/eric-johnson/75/966/aa0"	"N"
"www.facebook.com/677109534"	"http://www.linkedin.com/pub/katelyn-block/43/198/877"	"M"
"www.facebook.com/536448130"	"http://www.linkedin.com/pub/andres-a-gonzalez/33/a09/a93"	"M"
"www.facebook.com/634435635"	"http://www.linkedin.com/pub/christopher-lee/49/52b/633"	"M"
"www.facebook.com/100001323784405"	"http://www.linkedin.com/pub/carlos-martinez/21/6b3/4a7"	"M"
"www.facebook.com/100001830772088"	"http://www.linkedin.com/pub/hector-garcia/9/aba/bab"	"N"
"www.facebook.com/657913005"	"http://www.linkedin.com/pub/alejandro-aguilar/56/621/63"	"N"
"www.facebook.com/100004078957167"	"http://www.linkedin.com/pub/danielle-smith/54/a60/8b8"	"M"
"www.facebook.com/1004184458"	"http://www.linkedin.com/pub/chris-johnson/64/781/b41"	"M"
"www.facebook.com/100000655517803"	"http://www.linkedin.com/pub/carlos-campos/51/999/5b5"	"N"
"www.facebook.com/100002217543707"	"http://www.linkedin.com/pub/brenda-rodriguez/15/581/566"	"M"
"www.facebook.com/100003297400484"	"http://www.linkedin.com/pub/david-rodriguez/5/b63/2b3"	"M"
"www.facebook.com/1375996750"	"http://www.linkedin.com/pub/carlos-vargas/73/454/719"	"N"
"www.facebook.com/100002981998473"	"http://www.linkedin.com/pub/carlos-ruiz/58/793/3a2"	"N"
"www.facebook.com/100002826696422"	"http://www.linkedin.com/pub/hai-nguyen/47/174/858"	"M"
"www.facebook.com/100002432812798"	"http://www.linkedin.com/pub/carmen-hernandez/70/564/a81"	"N"
"www.facebook.com/1176944063"	"http://www.linkedin.com/pub/david-flores/59/4b6/45a"	"M"
"www.facebook.com/1107540079"	"http://www.linkedin.com/pub/alexis-fernandez/60/930/a0a"	"N"
"www.facebook.com/577802212"	"http://www.linkedin.com/in/jeffbrownisageek"	"M"
"www.facebook.com/100000418257407"	"http://www.linkedin.com/pub/claudia-marcela-rodriguez/67/495/36b"	"N"
"www.facebook.com/580868910"	"http://www.linkedin.com/pub/carlos-torres/75/391/690"	"M"
"www.facebook.com/1511649670"	"http://www.linkedin.com/pub/john-lloyd/3/9b5/58"	"M"
"www.facebook.com/100002447919210"	"http://www.linkedin.com/pub/ana-gutierrez/51/458/589"	"M"
"www.facebook.com/100000544268618"	"http://www.linkedin.com/pub/david-smith/10/573/289"	"M"
"www.facebook.com/100001910782866"	"http://www.linkedin.com/pub/john-smith/1a/b72/121"	"N"
"www.facebook.com/711242340"	"http://www.linkedin.com/pub/james-clark/6b/65b/7a9"	"N"
"www.facebook.com/100001181255335"	"http://www.linkedin.com/pub/ana-lopez/34/859/b94"	"N"
"www.facebook.com/100000643947583"	"http://www.linkedin.com/pub/diana-love/75/b30/a1a"	"N"
"www.facebook.com/578361211"	"http://www.linkedin.com/pub/anil-kumar/29/582/725"	"N"
"www.facebook.com/758864293"	"http://www.linkedin.com/pub/leonardo-fuentes/58/886/bb4"	"M"
"www.facebook.com/519865049"	"http://www.linkedin.com/pub/alex-williams/67/791/327"	"N"
"www.facebook.com/783389854"	"http://www.linkedin.com/pub/anh-tran/b/905/94a"	"M"
"www.facebook.com/100001172781703"	"http://www.linkedin.com/pub/alex-rodriguez/39/b28/891"	"M"
"www.facebook.com/100002970454779"	"http://www.linkedin.com/pub/carlos-ruiz/58/793/3a2"	"M"
"www.facebook.com/100001879708735"	"http://www.linkedin.com/pub/carlos-martinez/21/6b3/4a7"	"M"
"www.facebook.com/100003080554305"	"http://www.linkedin.com/pub/james-smith/8/998/965"	"N"
"www.facebook.com/100003651644591"	"http://www.linkedin.com/pub/enrique-rodriguez/71/93b/2a3"	"M"
"www.facebook.com/100004678960290"	"http://www.linkedin.com/pub/alan-smith/61/995/830"	"N"
"www.facebook.com/100004126415535"	"http://www.linkedin.com/pub/jessica-chang/58/5b1/940"	"M"
"www.facebook.com/100001354991711"	"http://www.linkedin.com/pub/alex-diaz/4a/57a/a49"	"N"
"www.facebook.com/1776084548"	"http://www.linkedin.com/pub/ayesha-khan/18/947/b5a"	"N"
"www.facebook.com/535176002"	"http://www.linkedin.com/pub/marty-novak/b/324/932"	"N"
"www.facebook.com/38708957"	"http://www.linkedin.com/pub/chris-jackson/70/340/799"	"N"
"www.facebook.com/100002443080556"	"http://www.linkedin.com/pub/david-wong/47/a27/909"	"M"
"www.facebook.com/100001017667688"	"http://www.linkedin.com/pub/brian-johnson/54/33b/b86"	"M"
"www.facebook.com/100001868853259"	"http://www.linkedin.com/pub/carlos-torres/75/391/690"	"M"
"www.facebook.com/725934399"	"http://www.linkedin.com/pub/james-clark/6b/65b/7a9"	"N"
"www.facebook.com/100002173345288"	"http://www.linkedin.com/pub/david-flores/59/4b6/45a"	"M"
"www.facebook.com/584112036"	"http://www.linkedin.com/in/riverajoseph"	"M"
"www.facebook.com/100001003459553"	"http://www.linkedin.com/pub/carlos-mejia/6b/239/368"	"M"
"www.facebook.com/100002551059431"	"http://www.linkedin.com/pub/carlos-garcia/47/a87/595"	"M"
"www.facebook.com/100001019483403"	"http://www.linkedin.com/pub/alex-ramirez/32/8a/100"	"M"
"www.facebook.com/692170536"	"http://www.linkedin.com/pub/ana-rodriguez/64/3a8/400"	"M"
"www.facebook.com/588252572"	"http://www.linkedin.com/pub/chris-jackson/70/340/799"	"N"
"www.facebook.com/100002874970676"	"http://www.linkedin.com/pub/adriana-lopez/44/b8b/701"	"M"
"www.facebook.com/100002721540015"	"http://www.linkedin.com/pub/andre-williams/74/47a/514"	"M"
"www.facebook.com/808450337"	"http://www.linkedin.com/pub/carlos-hernandez/12/672/b47"	"N"
"www.facebook.com/1242426529"	"http://www.linkedin.com/pub/alex-chan/71/623/490"	"N"
"www.facebook.com/100000659761065"	"http://www.linkedin.com/pub/carlos-alvarez/71/baa/57a"	"N"
"www.facebook.com/100000447020854"	"http://www.linkedin.com/pub/erick-hernandez/45/480/50"	"M"
"www.facebook.com/100002470587267"	"http://www.linkedin.com/pub/jorge-espinoza/74/833/11"	"N"
"www.facebook.com/644636524"	"http://www.linkedin.com/pub/cesar-martinez/66/972/768"	"M"
"www.facebook.com/523682545"	"http://www.linkedin.com/pub/claudia-marcela-rodriguez/67/495/36b"	"N"
"www.facebook.com/100000486759124"	"http://www.linkedin.com/pub/alex-alvarez/5a/346/725"	"M"
"www.facebook.com/673160527"	"http://www.linkedin.com/pub/hannah-warne/59/228/16"	"N"
"www.facebook.com/100003025358429"	"http://www.linkedin.com/pub/jaime-hernandez/52/707/309"	"N"
"www.facebook.com/1159385244"	"http://www.linkedin.com/pub/angel-perez/37/89b/a85"	"M"
"www.facebook.com/1796885681"	"http://www.linkedin.com/pub/ashley-johnson/31/458/b8b"	"N"
"www.facebook.com/100003183703432"	"http://www.linkedin.com/pub/alejandro-moreno/67/56b/179"	"N"
"www.facebook.com/100003137607839"	"http://www.linkedin.com/pub/david-sandor-king/5b/9b5/a1b"	"N"
"www.facebook.com/100002303931781"	"http://www.linkedin.com/pub/diana-martinez/9/690/a40"	"N"
"www.facebook.com/100001178802615"	"http://www.linkedin.com/pub/alberto-sanchez/56/863/b97"	"N"
"www.facebook.com/100002032467302"	"http://www.linkedin.com/pub/claudia-lopez/6b/650/37"	"M"
"www.facebook.com/100003389059783"	"http://www.linkedin.com/pub/alex-ramirez/32/8a/100"	"M"
"www.facebook.com/100000186138117"	"http://www.linkedin.com/pub/angela-martinez/66/b99/349"	"M"
"www.facebook.com/522564143"	"http://www.linkedin.com/pub/james-wong/52/835/880"	"M"
"www.facebook.com/9627501"	"http://www.linkedin.com/pub/david-smith/75/316/395"	"M"
"www.facebook.com/100000847552920"	"http://www.linkedin.com/pub/arturo-gomez/4a/51/22"	"N"
"www.facebook.com/593598793"	"http://www.linkedin.com/pub/david-flores/35/5a6/226"	"M"
"www.facebook.com/604126720"	"http://www.linkedin.com/pub/eric-johnson/75/966/aa0"	"M"
"www.facebook.com/100000279558014"	"http://www.linkedin.com/pub/hai-nguyen/61/449/76"	"M"
"www.facebook.com/1036833252"	"http://www.linkedin.com/pub/binh-nguyen/69/525/21b"	"M"
"www.facebook.com/1011260197"	"http://www.linkedin.com/pub/hector-garcia/9/aba/bab"	"M"
"www.facebook.com/1462487645"	"http://www.linkedin.com/pub/anh-tran/b/905/94a"	"M"
"www.facebook.com/1311912"	"http://www.linkedin.com/pub/james-wong/52/835/880"	"M"
"www.facebook.com/100002222926366"	"http://www.linkedin.com/pub/carlos-cruz/49/ab8/1b3"	"N"
"www.facebook.com/579527508"	"http://www.linkedin.com/pub/david-cohen/65/219/656"	"M"
"www.facebook.com/37526218"	"http://www.linkedin.com/pub/danny-nguyen/12/42/549"	"M"
"www.facebook.com/100001549852981"	"http://www.linkedin.com/pub/carlos-garcia/10/a5b/941"	"M"
"www.facebook.com/100002093204408"	"http://www.linkedin.com/pub/ana-flores/42/203/2b8"	"M"
"www.facebook.com/713898256"	"http://www.linkedin.com/pub/brian-johnson/54/33b/b86"	"N"
"www.facebook.com/100001629198366"	"http://www.linkedin.com/pub/carlos-castro/40/147/40"	"M"
"www.facebook.com/8632988"	"http://www.linkedin.com/pub/brian-chen/50/320/2b9"	"M"
"www.facebook.com/1395342918"	"http://www.linkedin.com/pub/omar-flores/60/1a2/73"	"M"
"www.facebook.com/611105806"	"http://www.linkedin.com/pub/binh-nguyen/69/525/21b"	"N"
"www.facebook.com/1215704032"	"http://www.linkedin.com/pub/angel-perez/69/6ab/62b"	"N"
"www.facebook.com/512655709"	"http://www.linkedin.com/pub/dareece-walker/41/587/65b"	"M"
"www.facebook.com/100001886089586"	"http://www.linkedin.com/pub/david-flores/59/4b6/45a"	"M"
"www.facebook.com/100002194571495"	"http://www.linkedin.com/pub/ariel-gonzalez/47/136/812"	"N"
"www.facebook.com/100002934579123"	"http://www.linkedin.com/pub/alexis-fernandez/60/930/a0a"	"M"
"www.facebook.com/100001454672618"	"http://www.linkedin.com/pub/hector-garcia/9/aba/bab"	"M"
"www.facebook.com/100004398551005"	"http://www.linkedin.com/pub/david-flores/59/4b6/45a"	"N"
"www.facebook.com/27427534"	"http://www.linkedin.com/pub/alex-williams/67/791/327"	"N"
"www.facebook.com/100001246645711"	"http://www.linkedin.com/pub/francisco-m-gonzalez/53/125/983"	"M"
"www.facebook.com/100002859647611"	"http://www.linkedin.com/pub/brenda-hernandez/45/48a/841"	"M"
"www.facebook.com/100000377237654"	"http://www.linkedin.com/pub/carlos-castro/4b/77b/b77"	"M"
"www.facebook.com/100003228639867"	"http://www.linkedin.com/pub/hai-nguyen/61/449/76"	"M"
"www.facebook.com/100002282283585"	"http://www.linkedin.com/pub/antonio-garcia/72/4b6/248"	"N"
"www.facebook.com/100000876978069"	"http://www.linkedin.com/pub/carlos-aguilar/74/9b/9"	"N"
"www.facebook.com/1167370150"	"http://www.linkedin.com/pub/carmen-hernandez/63/728/591"	"N"
"www.facebook.com/100003155635202"	"http://www.linkedin.com/pub/carlos-hernandez/12/672/b47"	"N"
"www.facebook.com/100000028198728"	"http://www.linkedin.com/pub/alex-flores/15/71b/573"	"N"
"www.facebook.com/100002446507802"	"http://www.linkedin.com/pub/carlos-martinez/72/651/174"	"N"
"www.facebook.com/100000695673665"	"http://www.linkedin.com/pub/carmen-torres/52/83/51b"	"N"
"www.facebook.com/1411886328"	"http://www.linkedin.com/pub/carlos-navarro/45/796/a21"	"N"
"www.facebook.com/1647833787"	"http://www.linkedin.com/pub/claudia-lopez/6b/650/37"	"M"
"www.facebook.com/100000439947422"	"http://www.linkedin.com/pub/carlos-garcia/47/a87/595"	"N"
"www.facebook.com/100003261605092"	"http://www.linkedin.com/pub/ashley-green/39/71/8b1"	"M"
"www.facebook.com/1612823644"	"http://www.linkedin.com/pub/angel-perez/37/89b/a85"	"N"
"www.facebook.com/12822399"	"http://www.linkedin.com/pub/jay-balvant-patel/75/4b/8aa"	"N"
"www.facebook.com/868770646"	"http://www.linkedin.com/pub/jimmy-rodriguez/76/a24/629"	"N"
"www.facebook.com/100002488571657"	"http://www.linkedin.com/pub/carlos-cruz/5b/a56/95a"	"N"
"www.facebook.com/592833429"	"http://www.linkedin.com/pub/alex-rodriguez/39/b28/891"	"N"
"www.facebook.com/668661254"	"http://www.linkedin.com/pub/david-wong/47/a27/909"	"N"
"www.facebook.com/1630879772"	"http://www.linkedin.com/pub/chris-morris/37/402/567"	"N"
"www.facebook.com/11903447"	"http://www.linkedin.com/in/wilsonj12"	"M"
"www.facebook.com/100002105889778"	"http://www.linkedin.com/pub/brenda-hernandez/45/48a/841"	"N"
"www.facebook.com/738151982"	"http://www.linkedin.com/pub/brenda-rodriguez/15/581/566"	"N"
"www.facebook.com/100001037856148"	"http://www.linkedin.com/pub/hugo-garcia/14/a58/824"	"M"
"www.facebook.com/1412256958"	"http://www.linkedin.com/pub/eric-nelson/59/82/713"	"M"
"www.facebook.com/100000466105426"	"http://www.linkedin.com/pub/alex-diaz/52/915/447"	"N"
"www.facebook.com/100001423687495"	"http://www.linkedin.com/pub/ashley-johnson/31/458/b8b"	"N"
"www.facebook.com/100001443810535"	"http://www.linkedin.com/pub/ariel-gonzalez/47/136/812"	"M"
"www.facebook.com/1139192450"	"http://www.linkedin.com/pub/luis-diaz/70/a11/333"	"M"
"www.facebook.com/711135675"	"http://www.linkedin.com/pub/david-sanchez/23/40a/474"	"N"
"www.facebook.com/674520523"	"http://www.linkedin.com/pub/christopher-lee/49/52b/633"	"M"
"www.facebook.com/1373492390"	"http://www.linkedin.com/pub/david-williams/69/676/722"	"N"
"www.facebook.com/606295010"	"http://www.linkedin.com/pub/adam-gross/55/3b6/31a"	"M"
"www.facebook.com/1285134657"	"http://www.linkedin.com/pub/chris-jones/47/535/2bb"	"M"
"www.facebook.com/100000223886412"	"http://www.linkedin.com/pub/anh-tran/b/905/94a"	"M"
"www.facebook.com/1010266989"	"http://www.linkedin.com/pub/anh-le/61/a38/405"	"M"
"www.facebook.com/709680231"	"http://www.linkedin.com/pub/jason-white/61/5b/4b5"	"N"
"www.facebook.com/100002245243160"	"http://www.linkedin.com/pub/alberto-sanchez/56/863/b97"	"N"
"www.facebook.com/1673166982"	"http://www.linkedin.com/pub/ana-alvarez/6b/12a/882"	"N"
"www.facebook.com/1104505191"	"http://www.linkedin.com/pub/david-smith/75/316/395"	"N"
"www.facebook.com/100002469202965"	"http://www.linkedin.com/pub/diego-fernando-gutierrez/76/401/188"	"N"
"www.facebook.com/100001289640816"	"http://www.linkedin.com/pub/chris-jackson/70/340/799"	"N"
"www.facebook.com/732118374"	"http://www.linkedin.com/pub/james-wong/52/835/880"	"N"
"www.facebook.com/100000982155651"	"http://www.linkedin.com/pub/carlos-mejia/6b/239/368"	"M"
"www.facebook.com/100000363303352"	"http://www.linkedin.com/pub/chris-jackson/70/340/799"	"M"
"www.facebook.com/100002007051792"	"http://www.linkedin.com/pub/cesar-gonzalez/46/951/800"	"N"
"www.facebook.com/100003565335264"	"http://www.linkedin.com/pub/antonio-garcia/72/4b6/248"	"N"
"www.facebook.com/577351272"	"http://www.linkedin.com/pub/chris-brown/12/591/224"	"N"
"www.facebook.com/100002637285715"	"http://www.linkedin.com/pub/brenda-hernandez/45/48a/841"	"N"
"www.facebook.com/100001133344350"	"http://www.linkedin.com/pub/antonio-garcia/72/4b6/248"	"N"
"www.facebook.com/1483694665"	"http://www.linkedin.com/pub/anil-kumar/29/582/725"	"N"
"www.facebook.com/100001036430440"	"http://www.linkedin.com/pub/carlos-martinez/21/6b3/4a7"	"N"
"www.facebook.com/100001948838830"	"http://www.linkedin.com/pub/alejandro-moreno/67/56b/179"	"M"
"www.facebook.com/100001659437116"	"http://www.linkedin.com/pub/alejandro-rivera/58/59b/164"	"M"
"www.facebook.com/100000823695543"	"http://www.linkedin.com/pub/eduardo-perez/4b/22/899"	"N"
"www.facebook.com/100002971219682"	"http://www.linkedin.com/pub/carlos-gomez/37/43b/b86"	"M"
"www.facebook.com/100002186927718"	"http://www.linkedin.com/pub/elizabeth-rodriguez/64/263/216"	"M"
"www.facebook.com/100001843696297"	"http://www.linkedin.com/pub/diana-martinez/9/690/a40"	"N"
"www.facebook.com/722650025"	"http://www.linkedin.com/pub/danny-nguyen/17/b57/5a"	"N"
"www.facebook.com/100002084003668"	"http://www.linkedin.com/pub/armando-diaz/47/a27/4a6"	"M"
"www.facebook.com/1403723562"	"http://www.linkedin.com/pub/brenda-rodriguez/69/a52/903"	"N"
"www.facebook.com/100001136440628"	"http://www.linkedin.com/pub/andre-williams/74/47a/514"	"N"
"www.facebook.com/100001512868111"	"http://www.linkedin.com/pub/alex-diaz/52/915/447"	"M"
"www.facebook.com/100001635888645"	"http://www.linkedin.com/pub/carlos-castro/4b/77b/b77"	"N"
"www.facebook.com/100004096274000"	"http://www.linkedin.com/pub/bob-smith/35/853/762"	"N"
"www.facebook.com/100002222926366"	"http://www.linkedin.com/pub/carlos-cruz/5b/a56/95a"	"N"
"www.facebook.com/100000746191098"	"http://www.linkedin.com/pub/claudia-rodriguez/61/889/48a"	"M"
"www.facebook.com/100000431753833"	"http://www.linkedin.com/pub/jaime-hernandez/52/707/309"	"N"
"www.facebook.com/669871769"	"http://www.linkedin.com/pub/diana-love/75/b30/a1a"	"M"
"www.facebook.com/100001902251193"	"http://www.linkedin.com/pub/enrique-rodriguez/71/93b/2a3"	"N"
"www.facebook.com/100001883142705"	"http://www.linkedin.com/pub/alfredo-rodriguez/54/949/772"	"N"
"www.facebook.com/1434412316"	"http://www.linkedin.com/pub/angela-rodriguez/68/281/322"	"N"
"www.facebook.com/1475368256"	"http://www.linkedin.com/pub/john-lloyd/3/9b5/58"	"M"
"www.facebook.com/668325592"	"http://www.linkedin.com/pub/eric-nelson/59/82/713"	"N"
"www.facebook.com/100001098451107"	"http://www.linkedin.com/pub/angel-gomez/65/95b/306"	"N"
"www.facebook.com/100002068427667"	"http://www.linkedin.com/pub/jesus-ramirez/69/97b/852"	"N"
"www.facebook.com/100002605518062"	"http://www.linkedin.com/pub/john-walker/71/8a6/4b0"	"N"
"www.facebook.com/100002247716907"	"http://www.linkedin.com/pub/carlos-castro/40/147/40"	"M"
"www.facebook.com/100001229835840"	"http://www.linkedin.com/pub/antonio-garcia/72/4b6/248"	"M"
"www.facebook.com/100000105268138"	"http://www.linkedin.com/pub/carlos-cruz/49/ab8/1b3"	"N"
"www.facebook.com/100001521289643"	"http://www.linkedin.com/pub/jay-lee/70/22/354"	"M"
"www.facebook.com/534132305"	"http://www.linkedin.com/pub/chris-jones/47/535/2bb"	"N"
"www.facebook.com/100001754937167"	"http://www.linkedin.com/pub/alberto-sanchez/56/863/b97"	"N"
"www.facebook.com/100002706577071"	"http://www.linkedin.com/pub/diego-fernando-gutierrez/76/401/188"	"N"
"www.facebook.com/100001687955873"	"http://www.linkedin.com/pub/brenda-rodriguez/15/581/566"	"N"
"www.facebook.com/100003165668891"	"http://www.linkedin.com/pub/john-smith/1a/b72/121"	"N"
"www.facebook.com/100000135787054"	"http://www.linkedin.com/pub/carlos-martinez/72/651/174"	"N"
"www.facebook.com/100002875134924"	"http://www.linkedin.com/pub/carlos-alvarez/71/baa/57a"	"N"
"www.facebook.com/100002122593324"	"http://www.linkedin.com/pub/alex-gonzalez/26/731/918"	"M"
"www.facebook.com/519894596"	"http://www.linkedin.com/pub/carlos-castro/40/147/40"	"N"
"www.facebook.com/100004019602600"	"http://www.linkedin.com/pub/alex-lopez/10/a65/a32"	"N"
"www.facebook.com/614114636"	"http://www.linkedin.com/pub/claudia-rodriguez/61/889/48a"	"N"
"www.facebook.com/1066505226"	"http://www.linkedin.com/pub/david-wilson/8/39b/535"	"M"
"www.facebook.com/854985580"	"http://www.linkedin.com/pub/anh-le/61/a38/405"	"M"
"www.facebook.com/100001966073317"	"http://www.linkedin.com/pub/david-flores/35/5a6/226"	"N"
"www.facebook.com/100003341682141"	"http://www.linkedin.com/pub/carlos-aguilar/74/9b/9"	"M"
"www.facebook.com/100001519841820"	"http://www.linkedin.com/pub/ana-hernandez/54/423/863"	"N"
"www.facebook.com/37527760"	"http://www.linkedin.com/pub/danny-nguyen/12/42/549"	"N"
"www.facebook.com/100001706297306"	"http://www.linkedin.com/pub/antonio-garcia/72/4b6/248"	"N"
"www.facebook.com/100005060709212"	"http://www.linkedin.com/pub/jaime-hernandez/52/707/309"	"N"
"www.facebook.com/100004060662222"	"http://www.linkedin.com/pub/alice-lee/44/a90/790"	"N"
"www.facebook.com/631188962"	"http://www.linkedin.com/in/netrey"	"M"
"www.facebook.com/100003509294620"	"http://www.linkedin.com/pub/adriana-garcia/50/156/340"	"M"
"www.facebook.com/1170013794"	"http://www.linkedin.com/pub/david-rodriguez/5/b63/2b3"	"N"
"www.facebook.com/642241303"	"http://www.linkedin.com/pub/ashley-johnson/31/458/b8b"	"N"
"www.facebook.com/100002557480330"	"http://www.linkedin.com/pub/ana-rodriguez/64/3a8/400"	"M"
"www.facebook.com/663997773"	"http://www.linkedin.com/in/gsharma01"	"M"
"www.facebook.com/100002109224664"	"http://www.linkedin.com/pub/alex-garcia/4a/a38/a21"	"N"
"www.facebook.com/100001623123618"	"http://www.linkedin.com/pub/alex-flores/15/71b/573"	"M"
"www.facebook.com/1179898135"	"http://www.linkedin.com/pub/jay-balvant-patel/75/4b/8aa"	"N"
"www.facebook.com/100000207044475"	"http://www.linkedin.com/pub/alejandro-aguilar/56/621/63"	"M"
"www.facebook.com/1529520213"	"http://www.linkedin.com/pub/ashley-green/39/71/8b1"	"N"
"www.facebook.com/100000573823770"	"http://www.linkedin.com/pub/ashley-green/39/71/8b1"	"N"
"www.facebook.com/1379486010"	"http://www.linkedin.com/pub/carlos-alvarez/71/baa/57a"	"N"
"www.facebook.com/1531262878"	"http://www.linkedin.com/pub/carlos-gomez/37/43b/b86"	"N"
"www.facebook.com/1053348855"	"http://www.linkedin.com/pub/mark-wilson/12/773/6b4"	"M"
"www.facebook.com/100001992173759"	"http://www.linkedin.com/pub/diana-love/75/b30/a1a"	"M"
"www.facebook.com/73308051"	"http://www.linkedin.com/pub/ana-rodriguez/23/662/6b4"	"N"
"www.facebook.com/100000684487132"	"http://www.linkedin.com/pub/francisco-gonzalez/68/610/63"	"N"
"www.facebook.com/519968647"	"http://www.linkedin.com/pub/hugo-garcia/14/a58/824"	"N"
"www.facebook.com/100003223264146"	"http://www.linkedin.com/pub/amardeep-singh/15/351/934"	"N"
"www.facebook.com/100002897041970"	"http://www.linkedin.com/pub/diana-martinez/9/690/a40"	"N"
"www.facebook.com/2252465"	"http://www.linkedin.com/pub/brian-chen/50/320/2b9"	"N"
"www.facebook.com/100002893938655"	"http://www.linkedin.com/pub/alex-garcia/4a/a38/a21"	"M"
"www.facebook.com/5221230"	"http://www.linkedin.com/pub/armando-diaz/47/a27/4a6"	"N"
"www.facebook.com/100002418834073"	"http://www.linkedin.com/pub/ana-gutierrez/51/458/589"	"N"
"www.facebook.com/1416361593"	"http://www.linkedin.com/pub/adam-gross/55/3b6/31a"	"N"
"www.facebook.com/100001620866995"	"http://www.linkedin.com/pub/carmen-torres/52/83/51b"	"M"
"www.facebook.com/100002173345288"	"http://www.linkedin.com/pub/david-flores/35/5a6/226"	"M"
"www.facebook.com/100000512742460"	"http://www.linkedin.com/pub/emily-jones/62/a4a/139"	"N"
"www.facebook.com/1063538106"	"http://www.linkedin.com/pub/andre-williams/74/47a/514"	"N"
"www.facebook.com/506294440"	"http://www.linkedin.com/pub/alexis-fernandez/60/930/a0a"	"N"
"www.facebook.com/1648411211"	"http://www.linkedin.com/pub/alejandro-torres/66/9b7/b3"	"N"
"www.facebook.com/676036556"	"http://www.linkedin.com/pub/james-wong/52/835/880"	"N"
"www.facebook.com/100003519484500"	"http://www.linkedin.com/pub/david-sanchez/51/93b/93"	"M"
"www.facebook.com/664459941"	"http://www.linkedin.com/pub/erick-sanchez/58/766/a21"	"N"
"www.facebook.com/100002122172985"	"http://www.linkedin.com/pub/christopher-smith/44/327/840"	"N"
"www.facebook.com/100002562735789"	"http://www.linkedin.com/pub/erick-hernandez/45/480/50"	"N"
"www.facebook.com/100002217543707"	"http://www.linkedin.com/pub/brenda-rodriguez/69/a52/903"	"N"
"www.facebook.com/643508770"	"http://www.linkedin.com/pub/chris-davis/46/846/852"	"N"
"www.facebook.com/100002398220394"	"http://www.linkedin.com/pub/carlos-gomez/37/43b/b86"	"N"
"www.facebook.com/1266823663"	"http://www.linkedin.com/pub/claudia-rodriguez/61/889/48a"	"N"
"www.facebook.com/1508760108"	"http://www.linkedin.com/pub/chris-williams/72/875/52"	"N"
"www.facebook.com/596689330"	"http://www.linkedin.com/pub/nick-brown/2/b34/43b"	"M"
"www.facebook.com/100000988717779"	"http://www.linkedin.com/pub/jimmy-rodriguez/76/a24/629"	"M"
"www.facebook.com/655587237"	"http://www.linkedin.com/pub/christina-lianos/9/688/85"	"N"
"www.facebook.com/100003489385831"	"http://www.linkedin.com/pub/adam-jones/5a/560/964"	"N"
"www.facebook.com/100002432973384"	"http://www.linkedin.com/pub/david-smith/75/316/395"	"N"
"www.facebook.com/100000157868843"	"http://www.linkedin.com/pub/james-smith/8/998/965"	"N"
"www.facebook.com/100001729230194"	"http://www.linkedin.com/pub/danny-marte/54/a33/50a"	"N"
"www.facebook.com/100000663645644"	"http://www.linkedin.com/pub/alex-garcia/4a/a38/a21"	"M"
"www.facebook.com/1465484157"	"http://www.linkedin.com/pub/jackson-dahl/42/775/933"	"M"
"www.facebook.com/100001496581883"	"http://www.linkedin.com/pub/ana-flores/42/203/2b8"	"N"
"www.facebook.com/100004355680346"	"http://www.linkedin.com/pub/ashley-green/39/71/8b1"	"N"
"www.facebook.com/1816045003"	"http://www.linkedin.com/pub/diana-ramirez/65/164/138"	"N"
"www.facebook.com/1600591431"	"http://www.linkedin.com/pub/adriana-garcia/50/156/340"	"M"
"www.facebook.com/100001816787495"	"http://www.linkedin.com/pub/carlos-torres/29/247/9a2"	"M"
"www.facebook.com/612256264"	"http://www.linkedin.com/pub/carlos-bran/40/311/485"	"N"
"www.facebook.com/1612823644"	"http://www.linkedin.com/pub/angel-perez/69/6ab/62b"	"N"
"www.facebook.com/502581695"	"http://www.linkedin.com/pub/linh-nguyen/50/8ab/a30"	"N"
"www.facebook.com/1638345507"	"http://www.linkedin.com/pub/christopher-lee/49/52b/633"	"N"
"www.facebook.com/100001241958884"	"http://www.linkedin.com/pub/christopher-smith/44/327/840"	"N"
"www.facebook.com/100003896561767"	"http://www.linkedin.com/pub/angela-martinez/66/b99/349"	"N"
"www.facebook.com/100002241250557"	"http://www.linkedin.com/pub/carlos-torres/29/247/9a2"	"M"
"www.facebook.com/100001393163875"	"http://www.linkedin.com/pub/carlos-ruiz/58/793/3a2"	"N"
"www.facebook.com/100001687955873"	"http://www.linkedin.com/pub/brenda-rodriguez/69/a52/903"	"N"
"www.facebook.com/100002452707485"	"http://www.linkedin.com/pub/ana-flores/42/203/2b8"	"M"
"www.facebook.com/1523453460"	"http://www.linkedin.com/pub/david-smith/10/4a6/31a"	"N"
"www.facebook.com/100002904413115"	"http://www.linkedin.com/pub/alejandro-torres/66/9b7/b3"	"N"
"www.facebook.com/100002348992144"	"http://www.linkedin.com/pub/alex-ramirez/32/8a/100"	"N"
"www.facebook.com/694862241"	"http://www.linkedin.com/pub/matt-smith/0/2a2/b12"	"N"
"www.facebook.com/642634299"	"http://www.linkedin.com/pub/jay-lee/70/22/354"	"M"
"www.facebook.com/619339069"	"http://www.linkedin.com/pub/hai-nguyen/61/449/76"	"N"
"www.facebook.com/100002511103820"	"http://www.linkedin.com/pub/angel-perez/69/6ab/62b"	"N"
"www.facebook.com/100003707721018"	"http://www.linkedin.com/pub/alberto-sanchez/56/863/b97"	"M"
"www.facebook.com/100001161350533"	"http://www.linkedin.com/pub/ana-flores/42/203/2b8"	"N"
"www.facebook.com/100000927488690"	"http://www.linkedin.com/pub/hector-garcia/9/aba/bab"	"M"
"www.facebook.com/1547820359"	"http://www.linkedin.com/pub/alex-chan/71/623/490"	"N"
"www.facebook.com/100001600548523"	"http://www.linkedin.com/pub/javier-lopez/5a/303/466"	"N"
"www.facebook.com/1404922712"	"http://www.linkedin.com/pub/angel-mendoza/72/b1a/b73"	"M"
"www.facebook.com/526265614"	"http://www.linkedin.com/pub/james-wong/52/835/880"	"M"
"www.facebook.com/100003190495536"	"http://www.linkedin.com/pub/andres-a-gonzalez/33/a09/a93"	"M"
"www.facebook.com/1041078977"	"http://www.linkedin.com/pub/alex-lopez/10/a65/a32"	"N"
"www.facebook.com/100002209971577"	"http://www.linkedin.com/pub/alejandro-rivera/58/59b/164"	"N"
"www.facebook.com/100002566666088"	"http://www.linkedin.com/pub/alex-ramirez/32/8a/100"	"M"
"www.facebook.com/100001933322554"	"http://www.linkedin.com/pub/alex-garcia/4a/a38/a21"	"M"
"www.facebook.com/1479867429"	"http://www.linkedin.com/pub/hai-nguyen/47/174/858"	"N"
"www.facebook.com/560032742"	"http://www.linkedin.com/pub/chris-jones/53/432/801"	"N"
"www.facebook.com/100002737009160"	"http://www.linkedin.com/pub/carlos-torres/75/391/690"	"N"
"www.facebook.com/550152885"	"http://www.linkedin.com/pub/david-smith/10/4a6/31a"	"N"
"www.facebook.com/100004057269961"	"http://www.linkedin.com/pub/angel-lopez/2b/b25/38b"	"N"
"www.facebook.com/600534029"	"http://www.linkedin.com/pub/anil-kumar/29/582/725"	"M"
"www.facebook.com/100003393042666"	"http://www.linkedin.com/pub/hugo-garcia/14/a58/824"	"M"
"www.facebook.com/1027783728"	"http://www.linkedin.com/pub/carlos-rodriguez/20/95/846"	"N"
"www.facebook.com/1529520213"	"http://www.linkedin.com/pub/ashley-green/6a/168/234"	"N"
"www.facebook.com/100001488040281"	"http://www.linkedin.com/pub/carlos-garcia/10/a5b/941"	"N"
"www.facebook.com/581618851"	"http://www.linkedin.com/in/chiragshah77"	"M"
"www.facebook.com/747297058"	"http://www.linkedin.com/pub/david-berger/31/ab2/4b7"	"M"
"www.facebook.com/1140614328"	"http://www.linkedin.com/pub/elizabeth-rodriguez/64/263/216"	"M"
"www.facebook.com/100003517988598"	"http://www.linkedin.com/pub/alan-smith/61/995/830"	"N"
"www.facebook.com/100001466375195"	"http://www.linkedin.com/pub/alex-flores/15/71b/573"	"N"
"www.facebook.com/100000607874534"	"http://www.linkedin.com/pub/binh-nguyen/69/525/21b"	"N"
"www.facebook.com/100000222240136"	"http://www.linkedin.com/pub/jorge-espinoza/74/833/11"	"N"
"www.facebook.com/100000083329593"	"http://www.linkedin.com/pub/angel-perez/37/89b/a85"	"M"
"www.facebook.com/100003578833475"	"http://www.linkedin.com/pub/carlos-garcia/10/a5b/941"	"N"
"www.facebook.com/100003524569526"	"http://www.linkedin.com/pub/carlos-ruiz/58/793/3a2"	"N"
"www.facebook.com/1136334546"	"http://www.linkedin.com/pub/david-rodriguez/5/b63/2b3"	"N"
"www.facebook.com/5607310"	"http://www.linkedin.com/pub/claudia-lopez/6b/650/37"	"M"
"www.facebook.com/760305132"	"http://www.linkedin.com/pub/kevin-saldanha/1b/613/b81"	"M"
"www.facebook.com/1054809570"	"http://www.linkedin.com/pub/francisco-gonzalez/68/610/63"	"M"
"www.facebook.com/683105598"	"http://www.linkedin.com/pub/dhaval-patel/66/a3a/3bb"	"N"
"www.facebook.com/100001052240756"	"http://www.linkedin.com/pub/alejandro-aguilar/56/621/63"	"N"
"www.facebook.com/1825907349"	"http://www.linkedin.com/pub/anthony-garcia/6a/508/7ab"	"N"
"www.facebook.com/531887602"	"http://www.linkedin.com/pub/cesar-gonzalez/46/951/800"	"N"
"www.facebook.com/100001240601222"	"http://www.linkedin.com/pub/carlos-cruz/49/ab8/1b3"	"N"
"www.facebook.com/100002255192300"	"http://www.linkedin.com/pub/alfredo-rodriguez/54/949/772"	"N"
"www.facebook.com/100003298093635"	"http://www.linkedin.com/pub/alfredo-rodriguez/54/949/772"	"N"
"www.facebook.com/1728798998"	"http://www.linkedin.com/pub/david-williams/69/676/722"	"N"
"www.facebook.com/100003583437570"	"http://www.linkedin.com/pub/david-sanchez/51/93b/93"	"N"
"www.facebook.com/1133203889"	"http://www.linkedin.com/pub/ariel-gonzalez/47/136/812"	"N"
"www.facebook.com/613637656"	"http://www.linkedin.com/pub/adriana-garcia/50/156/340"	"N"
"www.facebook.com/100001910782866"	"http://www.linkedin.com/pub/john-smith/25/545/338"	"N"
"www.facebook.com/100001886089586"	"http://www.linkedin.com/pub/david-flores/35/5a6/226"	"M"
"www.facebook.com/100003595869819"	"http://www.linkedin.com/pub/david-diaz/30/119/9b7"	"M"
"www.facebook.com/100001988193969"	"http://www.linkedin.com/pub/carlos-mejia/6b/239/368"	"N"
"www.facebook.com/8348305"	"http://www.linkedin.com/pub/david-smith/10/4a6/31a"	"N"
"www.facebook.com/100001042207257"	"http://www.linkedin.com/pub/carlos-cruz/49/ab8/1b3"	"N"
"www.facebook.com/100002826696422"	"http://www.linkedin.com/pub/hai-nguyen/61/449/76"	"N"
"www.facebook.com/1306404003"	"http://www.linkedin.com/pub/katie-kim/49/887/645"	"M"
"www.facebook.com/1499672936"	"http://www.linkedin.com/pub/cesar-flores/9/3b9/773"	"M"
"www.facebook.com/57800914"	"http://www.linkedin.com/pub/david-smith/75/316/395"	"M"
"www.facebook.com/1131712379"	"http://www.linkedin.com/pub/jorge-espinoza/74/833/11"	"N"
"www.facebook.com/100003264322824"	"http://www.linkedin.com/pub/ashley-green/39/71/8b1"	"N"
"www.facebook.com/100002696391548"	"http://www.linkedin.com/pub/eric-nelson/59/82/713"	"M"
"www.facebook.com/547941334"	"http://www.linkedin.com/pub/alejandro-aguilar/56/621/63"	"N"
"www.facebook.com/100003966014300"	"http://www.linkedin.com/pub/alejandro-rivera/58/59b/164"	"N"
"www.facebook.com/604765006"	"http://www.linkedin.com/pub/cesar-gonzalez/46/951/800"	"N"
"www.facebook.com/100000015196854"	"http://www.linkedin.com/pub/carmen-torres/52/83/51b"	"N"
"www.facebook.com/1848060636"	"http://www.linkedin.com/pub/andre-williams/74/47a/514"	"N"
"www.facebook.com/100000276905555"	"http://www.linkedin.com/pub/cesar-flores/9/3b9/773"	"M"
"www.facebook.com/1539578518"	"http://www.linkedin.com/pub/francisco-m-gonzalez/53/125/983"	"M"
"www.facebook.com/100002514063735"	"http://www.linkedin.com/pub/carlos-martinez/72/651/174"	"M"
"www.facebook.com/1322305628"	"http://www.linkedin.com/pub/jay-balvant-patel/75/4b/8aa"	"N"
"www.facebook.com/100003354770959"	"http://www.linkedin.com/pub/adriana-lopez/44/b8b/701"	"N"
"www.facebook.com/100000400920374"	"http://www.linkedin.com/pub/edwin-rodriguez/21/ab/2a6"	"M"
"www.facebook.com/100002436400617"	"http://www.linkedin.com/pub/hugo-garcia/14/a58/824"	"M"
"www.facebook.com/100001322666466"	"http://www.linkedin.com/pub/john-lloyd/3/9b5/58"	"N"
"www.facebook.com/100000100585610"	"http://www.linkedin.com/pub/chris-johnson/64/781/b41"	"N"
"www.facebook.com/100002153159247"	"http://www.linkedin.com/pub/carlos-martinez/72/651/174"	"N"
"www.facebook.com/100000362241730"	"http://www.linkedin.com/pub/diego-fernando-gutierrez/76/401/188"	"N"
"www.facebook.com/100001413907668"	"http://www.linkedin.com/pub/tuan-tran/2a/105/476"	"M"
"www.facebook.com/100000600181991"	"http://www.linkedin.com/pub/angela-rodriguez/68/281/322"	"M"
"www.facebook.com/100002674267539"	"http://www.linkedin.com/pub/erick-hernandez/45/480/50"	"M"
"www.facebook.com/100002452707485"	"http://www.linkedin.com/pub/ana-flores/71/801/238"	"M"
"www.facebook.com/100001292520594"	"http://www.linkedin.com/pub/carlos-garcia/47/a87/595"	"M"
"www.facebook.com/100000807847136"	"http://www.linkedin.com/pub/antonio-hernandez/47/ab3/646"	"N"
"www.facebook.com/1450583167"	"http://www.linkedin.com/pub/anthony-garcia/6a/508/7ab"	"N"
"www.facebook.com/1159385244"	"http://www.linkedin.com/pub/angel-perez/69/6ab/62b"	"N"
"www.facebook.com/100000354573350"	"http://www.linkedin.com/pub/ana-lopez/34/859/b94"	"M"
"www.facebook.com/100001924324946"	"http://www.linkedin.com/pub/carlos-torres/75/391/690"	"N"
"www.facebook.com/561559229"	"http://www.linkedin.com/pub/felipe-cabrera/33/86/371"	"N"
"www.facebook.com/100000963060268"	"http://www.linkedin.com/pub/francisco-gonzalez/68/610/63"	"N"
"www.facebook.com/534688172"	"http://www.linkedin.com/pub/armando-diaz/47/a27/4a6"	"N"
"www.facebook.com/100003400493771"	"http://www.linkedin.com/pub/ana-gutierrez/51/458/589"	"M"
"www.facebook.com/100000670915150"	"http://www.linkedin.com/pub/anthony-garcia/6a/508/7ab"	"M"
"www.facebook.com/616426749"	"http://www.linkedin.com/pub/alex-williams/67/791/327"	"N"
"www.facebook.com/100000139993936"	"http://www.linkedin.com/pub/francisco-m-gonzalez/53/125/983"	"M"
"www.facebook.com/100003952482761"	"http://www.linkedin.com/pub/jorge-blanco/5a/56/188"	"M"
"www.facebook.com/717072450"	"http://www.linkedin.com/pub/eric-nelson/59/82/713"	"N"
"www.facebook.com/100000319381118"	"http://www.linkedin.com/pub/danny-nguyen/17/b57/5a"	"N"
"www.facebook.com/100003722254725"	"http://www.linkedin.com/pub/carlos-cruz/5b/a56/95a"	"N"
"www.facebook.com/426526"	"http://www.linkedin.com/pub/ashley-johnson/31/458/b8b"	"N"
"www.facebook.com/713699797"	"http://www.linkedin.com/pub/sandra-castillo/60/178/485"	"M"
"www.facebook.com/100001572825632"	"http://www.linkedin.com/pub/carlos-diaz/66/46/290"	"M"
"www.facebook.com/761819875"	"http://www.linkedin.com/pub/hai-nguyen/47/174/858"	"N"
"www.facebook.com/745167641"	"http://www.linkedin.com/pub/binh-nguyen/69/525/21b"	"N"
"www.facebook.com/100003789877216"	"http://www.linkedin.com/pub/claudia-gonzalez/17/767/a37"	"N"
"www.facebook.com/100001062927526"	"http://www.linkedin.com/pub/danny-nguyen/12/42/549"	"N"
"www.facebook.com/100003284760297"	"http://www.linkedin.com/pub/enrique-rodriguez/71/93b/2a3"	"N"
"www.facebook.com/100000575152333"	"http://www.linkedin.com/pub/carmen-torres/52/83/51b"	"N"
"www.facebook.com/100001240601222"	"http://www.linkedin.com/pub/carlos-cruz/5b/a56/95a"	"N"
"www.facebook.com/100000014674953"	"http://www.linkedin.com/pub/carlos-hernandez/12/672/b47"	"N"
"www.facebook.com/100001137272914"	"http://www.linkedin.com/pub/adriana-lopez/44/b8b/701"	"N"
"www.facebook.com/808450337"	"http://www.linkedin.com/pub/carlos-hernandez/14/987/792"	"N"
"www.facebook.com/722592946"	"http://www.linkedin.com/pub/alex-alvarez/5a/346/725"	"N"
"www.facebook.com/100002113579337"	"http://www.linkedin.com/pub/ana-rodriguez/23/662/6b4"	"N"
"www.facebook.com/100002142409346"	"http://www.linkedin.com/pub/alex-ramirez/32/8a/100"	"N"
"www.facebook.com/100002329463504"	"http://www.linkedin.com/pub/jaime-hernandez/52/707/309"	"N"
"www.facebook.com/100001966073317"	"http://www.linkedin.com/pub/david-flores/59/4b6/45a"	"N"
"www.facebook.com/100002554220609"	"http://www.linkedin.com/pub/andres-a-gonzalez/33/a09/a93"	"M"
"www.facebook.com/1266823663"	"http://www.linkedin.com/pub/claudia-marcela-rodriguez/67/495/36b"	"N"
"www.facebook.com/100004355680346"	"http://www.linkedin.com/pub/ashley-green/6a/168/234"	"N"
"www.facebook.com/1170626813"	"http://www.linkedin.com/pub/david-williams/69/676/722"	"N"
"www.facebook.com/100003209136789"	"http://www.linkedin.com/pub/arturo-gomez/4a/51/22"	"N"
"www.facebook.com/100000896538955"	"http://www.linkedin.com/pub/david-diaz/30/119/9b7"	"N"
"www.facebook.com/100001769501563"	"http://www.linkedin.com/pub/ana-lopez/34/859/b94"	"N"
"www.facebook.com/808787575"	"http://www.linkedin.com/pub/eric-johnson/75/966/aa0"	"N"
"www.facebook.com/100002912143843"	"http://www.linkedin.com/pub/antonio-hernandez/47/ab3/646"	"N"
"www.facebook.com/1341751139"	"http://www.linkedin.com/pub/angel-gomez/65/95b/306"	"N"
"www.facebook.com/100001042207257"	"http://www.linkedin.com/pub/carlos-cruz/5b/a56/95a"	"N"
"www.facebook.com/100002370811558"	"http://www.linkedin.com/pub/brenda-hernandez/45/48a/841"	"N"
"www.facebook.com/507627360"	"http://www.linkedin.com/pub/alex-chan/71/623/490"	"N"
"www.facebook.com/589216373"	"http://www.linkedin.com/pub/emily-jones/62/a4a/139"	"M"
"www.facebook.com/558557306"	"http://www.linkedin.com/pub/claudia-gonzalez/17/767/a37"	"N"
"www.facebook.com/100001080226023"	"http://www.linkedin.com/pub/brenda-rodriguez/69/a52/903"	"N"
"www.facebook.com/1155132550"	"http://www.linkedin.com/pub/alex-ramirez/32/8a/100"	"N"
"www.facebook.com/100000728763868"	"http://www.linkedin.com/pub/alex-williams/67/791/327"	"M"
"www.facebook.com/557038196"	"http://www.linkedin.com/pub/oscar-sanchez/74/b07/355"	"N"
"www.facebook.com/1068310920"	"http://www.linkedin.com/pub/karina-romero/1a/9b9/701"	"M"
"www.facebook.com/36101656"	"http://www.linkedin.com/pub/chris-brown/12/591/224"	"N"
"www.facebook.com/100002431452617"	"http://www.linkedin.com/pub/carlos-campos/51/999/5b5"	"N"
"www.facebook.com/100002578513660"	"http://www.linkedin.com/pub/carlos-hernandez/12/672/b47"	"N"
"www.facebook.com/575644367"	"http://www.linkedin.com/pub/chris-jones/53/432/801"	"M"
"www.facebook.com/100002715849441"	"http://www.linkedin.com/pub/carlos-vargas/73/454/719"	"N"
"www.facebook.com/100003633195435"	"http://www.linkedin.com/pub/diana-love/75/b30/a1a"	"N"
"www.facebook.com/100001883381903"	"http://www.linkedin.com/pub/ayesha-khan/18/947/b5a"	"N"
"www.facebook.com/100002397486999"	"http://www.linkedin.com/pub/erick-hernandez/45/480/50"	"N"
"www.facebook.com/1697062110"	"http://www.linkedin.com/pub/frank-miller/76/78a/17b"	"N"
"www.facebook.com/1143790727"	"http://www.linkedin.com/pub/chris-brown/41/6b7/398"	"N"
"www.facebook.com/100002257601567"	"http://www.linkedin.com/pub/carlos-vargas/73/454/719"	"N"
"www.facebook.com/1475474394"	"http://www.linkedin.com/pub/alejandro-aguilar/56/621/63"	"M"
"www.facebook.com/100003362420557"	"http://www.linkedin.com/pub/edwin-rodriguez/21/ab/2a6"	"N"
"www.facebook.com/1176944063"	"http://www.linkedin.com/pub/david-flores/35/5a6/226"	"N"
"www.facebook.com/100002506448789"	"http://www.linkedin.com/pub/jennifer-williams/4b/30/858"	"N"
"www.facebook.com/100001383454817"	"http://www.linkedin.com/pub/arturo-gomez/4a/51/22"	"N"
"www.facebook.com/613502055"	"http://www.linkedin.com/pub/chris-johnson/64/781/b41"	"N"
"www.facebook.com/100000210426965"	"http://www.linkedin.com/pub/chris-johnson/64/781/b41"	"N"
"www.facebook.com/100002589165865"	"http://www.linkedin.com/pub/jorge-espinoza/74/833/11"	"N"
"www.facebook.com/658000773"	"http://www.linkedin.com/pub/alejandro-aguilar/56/621/63"	"N"
"www.facebook.com/100002880982965"	"http://www.linkedin.com/pub/james-smith/8/998/965"	"N"
"www.facebook.com/100002902968892"	"http://www.linkedin.com/pub/carmen-torres/52/83/51b"	"M"
"www.facebook.com/1222261148"	"http://www.linkedin.com/pub/carlos-martinez/72/651/174"	"N"
"www.facebook.com/1073054886"	"http://www.linkedin.com/pub/david-cohen/65/219/656"	"M"
"www.facebook.com/100004788396103"	"http://www.linkedin.com/pub/ana-lopez/34/859/b94"	"N"
"www.facebook.com/100001826698845"	"http://www.linkedin.com/pub/carlos-torres/75/391/690"	"N"
"www.facebook.com/1107643249"	"http://www.linkedin.com/pub/ruisheng-wang/32/936/678"	"N"
"www.facebook.com/100003261605092"	"http://www.linkedin.com/pub/ashley-green/6a/168/234"	"M"
"www.facebook.com/100000340598082"	"http://www.linkedin.com/pub/alex-rodriguez/39/b28/891"	"N"
"www.facebook.com/642526587"	"http://www.linkedin.com/pub/carmen-hernandez/70/564/a81"	"N"
"www.facebook.com/100001960775056"	"http://www.linkedin.com/pub/angel-lopez/2b/b25/38b"	"M"
"www.facebook.com/100000319381118"	"http://www.linkedin.com/pub/danny-nguyen/12/42/549"	"N"
"www.facebook.com/100000110063537"	"http://www.linkedin.com/pub/alexis-fernandez/60/930/a0a"	"N"
"www.facebook.com/100000952710480"	"http://www.linkedin.com/pub/alex-gonzalez/26/731/918"	"M"
"www.facebook.com/100000002831315"	"http://www.linkedin.com/pub/carlos-alvarez/71/baa/57a"	"M"
"www.facebook.com/100003583437570"	"http://www.linkedin.com/pub/david-sanchez/23/40a/474"	"N"
"www.facebook.com/617768023"	"http://www.linkedin.com/pub/ariel-gonzalez/47/136/812"	"M"
"www.facebook.com/500039731"	"http://www.linkedin.com/in/justinsuperstar"	"M"
"www.facebook.com/4101172"	"http://www.linkedin.com/pub/alan-smith/61/995/830"	"N"
"www.facebook.com/681757138"	"http://www.linkedin.com/in/ryanng"	"M"
"www.facebook.com/100002628582497"	"http://www.linkedin.com/pub/alex-lopez/10/a65/a32"	"N"
"www.facebook.com/100000453368301"	"http://www.linkedin.com/pub/david-williams/69/676/722"	"N"
"www.facebook.com/20313097"	"http://www.linkedin.com/pub/ronak-patel/23/394/11a"	"N"
"www.facebook.com/100001713178832"	"http://www.linkedin.com/pub/angela-martinez/66/b99/349"	"M"
"www.facebook.com/1247046351"	"http://www.linkedin.com/pub/dhaval-patel/66/a3a/3bb"	"N"
"www.facebook.com/100003372983797"	"http://www.linkedin.com/pub/diana-love/75/b30/a1a"	"M"
"www.facebook.com/100003352675213"	"http://www.linkedin.com/pub/anh-tran/b/905/94a"	"M"
"www.facebook.com/100002480285722"	"http://www.linkedin.com/pub/angela-martinez/66/b99/349"	"M"
"www.facebook.com/1818776191"	"http://www.linkedin.com/pub/francisco-m-gonzalez/53/125/983"	"M"
"www.facebook.com/1167346388"	"http://www.linkedin.com/pub/eric-johnson/75/966/aa0"	"M"
"www.facebook.com/100001733242141"	"http://www.linkedin.com/pub/ana-hernandez/54/423/863"	"N"
"www.facebook.com/770619292"	"http://www.linkedin.com/pub/daniel-evans/6/378/403"	"N"
"www.facebook.com/34101620"	"http://www.linkedin.com/pub/chris-brown/12/591/224"	"N"
"www.facebook.com/100000475681696"	"http://www.linkedin.com/pub/angel-perez/37/89b/a85"	"N"
"www.facebook.com/506868787"	"http://www.linkedin.com/pub/alejandro-torres/66/9b7/b3"	"N"
"www.facebook.com/100000948010760"	"http://www.linkedin.com/pub/hector-garcia/9/aba/bab"	"N"
"www.facebook.com/100002367593814"	"http://www.linkedin.com/pub/carmen-hernandez/63/728/591"	"N"
"www.facebook.com/100001700868023"	"http://www.linkedin.com/pub/antonio-hernandez/47/ab3/646"	"M"
"www.facebook.com/100001689375340"	"http://www.linkedin.com/pub/carlos-garcia/47/a87/595"	"N"
"www.facebook.com/100001062927526"	"http://www.linkedin.com/pub/danny-nguyen/17/b57/5a"	"N"
"www.facebook.com/100003772839746"	"http://www.linkedin.com/pub/carlos-martinez/72/651/174"	"N"
"www.facebook.com/100001821397357"	"http://www.linkedin.com/pub/carlos-garcia/10/a5b/941"	"N"
"www.facebook.com/1307445522"	"http://www.linkedin.com/pub/brian-johnson/54/33b/b86"	"M"
"www.facebook.com/1411628677"	"http://www.linkedin.com/pub/alex-alvarez/5a/346/725"	"M"
"www.facebook.com/593598793"	"http://www.linkedin.com/pub/david-flores/59/4b6/45a"	"M"
"www.facebook.com/100000864172855"	"http://www.linkedin.com/pub/angel-gomez/65/95b/306"	"N"
"www.facebook.com/562193054"	"http://www.linkedin.com/pub/david-salazar/5a/4b1/a63"	"M"
"www.facebook.com/100001333267958"	"http://www.linkedin.com/pub/ana-rodriguez/64/3a8/400"	"N"
"www.facebook.com/100001080226023"	"http://www.linkedin.com/pub/brenda-rodriguez/15/581/566"	"N"
"www.facebook.com/774375395"	"http://www.linkedin.com/pub/david-smith/10/4a6/31a"	"M"
"www.facebook.com/554435790"	"http://www.linkedin.com/pub/christopher-smith/44/327/840"	"N"
"www.facebook.com/100001839451544"	"http://www.linkedin.com/pub/david-rodriguez/5/b63/2b3"	"N"
"www.facebook.com/100001130257418"	"http://www.linkedin.com/pub/angel-mendoza/72/b1a/b73"	"N"
"www.facebook.com/100003302059392"	"http://www.linkedin.com/pub/hugo-garcia/14/a58/824"	"N"
"www.facebook.com/4100946"	"http://www.linkedin.com/pub/brian-chen/50/320/2b9"	"M"
"www.facebook.com/556229987"	"http://www.linkedin.com/pub/alex-gonzalez/26/731/918"	"N"
"www.facebook.com/100002108641386"	"http://www.linkedin.com/pub/cole-glenwright/29/171/a07"	"M"
"www.facebook.com/1534578912"	"http://www.linkedin.com/pub/alejandro-moreno/67/56b/179"	"N"
"www.facebook.com/100000304324973"	"http://www.linkedin.com/pub/diana-martinez/9/690/a40"	"M"
"www.facebook.com/100002487199647"	"http://www.linkedin.com/pub/ashley-johnson/31/458/b8b"	"N"
"www.facebook.com/48904399"	"http://www.linkedin.com/pub/dan-hammerschlag/41/18/a26"	"M"
"www.facebook.com/100002194571495"	"http://www.linkedin.com/pub/ariel-gonzalez/69/245/9a3"	"N"
"www.facebook.com/650469422"	"http://www.linkedin.com/pub/james-clark/6b/65b/7a9"	"N"
"www.facebook.com/100000852815025"	"http://www.linkedin.com/pub/chris-jones/47/535/2bb"	"M"
"www.facebook.com/100002209203686"	"http://www.linkedin.com/pub/edwin-rodriguez/21/ab/2a6"	"N"
"www.facebook.com/100001301774061"	"http://www.linkedin.com/pub/cesar-flores/9/3b9/773"	"N"
"www.facebook.com/100001120922831"	"http://www.linkedin.com/pub/danielle-smith/54/a60/8b8"	"N"
"www.facebook.com/100002823952946"	"http://www.linkedin.com/pub/antonio-hernandez/47/ab3/646"	"N"
"www.facebook.com/100002261241169"	"http://www.linkedin.com/pub/amy-smith/62/9b1/a29"	"N"
"www.facebook.com/1403723562"	"http://www.linkedin.com/pub/brenda-rodriguez/15/581/566"	"N"
"www.facebook.com/1151383699"	"http://www.linkedin.com/pub/tri-nguyen/6/247/560"	"N"
"www.facebook.com/556743922"	"http://www.linkedin.com/pub/carlos-martinez/21/6b3/4a7"	"N"
"www.facebook.com/100003317232515"	"http://www.linkedin.com/pub/brenda-hernandez/45/48a/841"	"M"
"www.facebook.com/1278233146"	"http://www.linkedin.com/pub/david-smith/10/4a6/31a"	"N"
"www.facebook.com/100000648548998"	"http://www.linkedin.com/pub/angela-rodriguez/68/281/322"	"N"
"www.facebook.com/1282231622"	"http://www.linkedin.com/pub/alex-alvarez/5a/346/725"	"N"
"www.facebook.com/100003165668891"	"http://www.linkedin.com/pub/john-smith/25/545/338"	"N"
"www.facebook.com/100003246414063"	"http://www.linkedin.com/pub/alan-smith/61/995/830"	"N"
"www.facebook.com/100001837098373"	"http://www.linkedin.com/pub/chris-jones/47/535/2bb"	"N"
"www.facebook.com/100001297585710"	"http://www.linkedin.com/pub/jay-lee/70/22/354"	"M"
"www.facebook.com/100000746191098"	"http://www.linkedin.com/pub/claudia-marcela-rodriguez/67/495/36b"	"N"
"www.facebook.com/100000812510322"	"http://www.linkedin.com/pub/erick-hernandez/45/480/50"	"N"
"www.facebook.com/100001656588364"	"http://www.linkedin.com/pub/diana-martinez/9/690/a40"	"N"
"www.facebook.com/625971275"	"http://www.linkedin.com/pub/rob-homewood/32/61/369"	"N"
"www.facebook.com/16300294"	"http://www.linkedin.com/pub/jonathan-wong/27/b30/8b3"	"M"
"www.facebook.com/2514513"	"http://www.linkedin.com/pub/danielle-smith/54/a60/8b8"	"N"
"www.facebook.com/100001562915216"	"http://www.linkedin.com/pub/javier-lopez/5a/303/466"	"N"
"www.facebook.com/699131339"	"http://www.linkedin.com/pub/adriana-garcia/50/156/340"	"N"
"www.facebook.com/100003032061573"	"http://www.linkedin.com/pub/ana-rodriguez/23/662/6b4"	"M"
"www.facebook.com/100001207258286"	"http://www.linkedin.com/pub/ariel-gonzalez/69/245/9a3"	"M"
"www.facebook.com/100000579669227"	"http://www.linkedin.com/pub/james-smith/8/998/965"	"N"
"www.facebook.com/1169842282"	"http://www.linkedin.com/pub/carlos-aguilar/74/9b/9"	"N"
"www.facebook.com/3408902"	"http://www.linkedin.com/pub/christine-chang/4/395/127"	"M"
"www.facebook.com/1465308966"	"http://www.linkedin.com/pub/alex-ramirez/32/8a/100"	"M"
"www.facebook.com/100002215340924"	"http://www.linkedin.com/pub/carlos-mejia/6b/239/368"	"M"
"www.facebook.com/2206431"	"http://www.linkedin.com/pub/jason-white/61/5b/4b5"	"N"
"www.facebook.com/641136947"	"http://www.linkedin.com/pub/adriana-garcia/50/156/340"	"N"
"www.facebook.com/100001669874116"	"http://www.linkedin.com/pub/alejandro-moreno/67/56b/179"	"N"
"www.facebook.com/100000228240329"	"http://www.linkedin.com/pub/david-rodriguez/55/a45/951"	"N"
"www.facebook.com/100001835427207"	"http://www.linkedin.com/pub/brenda-rodriguez/69/a52/903"	"N"
"www.facebook.com/100001850583914"	"http://www.linkedin.com/pub/jorge-blanco/5a/56/188"	"M"
"www.facebook.com/81504856"	"http://www.linkedin.com/pub/david-sandor-king/5b/9b5/a1b"	"N"
"www.facebook.com/100002569773252"	"http://www.linkedin.com/pub/david-cohen/65/219/656"	"M"
"www.facebook.com/1545931128"	"http://www.linkedin.com/pub/carlos-campos/51/999/5b5"	"N"
"www.facebook.com/100001051568407"	"http://www.linkedin.com/pub/anh-le/61/a38/405"	"M"
"www.facebook.com/100000785840882"	"http://www.linkedin.com/pub/danny-nguyen/17/b57/5a"	"M"
"www.facebook.com/100004051616334"	"http://www.linkedin.com/pub/david-flores/35/5a6/226"	"N"
"www.facebook.com/100001614575662"	"http://www.linkedin.com/pub/david-diaz/30/119/9b7"	"M"
"www.facebook.com/100001434678803"	"http://www.linkedin.com/pub/armando-diaz/47/a27/4a6"	"M"
"www.facebook.com/1494525181"	"http://www.linkedin.com/pub/carlos-torres/75/391/690"	"N"
"www.facebook.com/1654956251"	"http://www.linkedin.com/pub/enrique-rodriguez/71/93b/2a3"	"N"
"www.facebook.com/100002978166004"	"http://www.linkedin.com/pub/angel-lopez/2b/b25/38b"	"N"
"www.facebook.com/1479867429"	"http://www.linkedin.com/pub/hai-nguyen/61/449/76"	"N"
"www.facebook.com/100000909056408"	"http://www.linkedin.com/pub/adam-gross/55/3b6/31a"	"N"
"www.facebook.com/1740249006"	"http://www.linkedin.com/pub/david-williams/69/676/722"	"N"
"www.facebook.com/100001559252339"	"http://www.linkedin.com/pub/carlos-garcia/10/a5b/941"	"M"
"www.facebook.com/100001971781352"	"http://www.linkedin.com/pub/john-smith/1a/b72/121"	"N"
"www.facebook.com/100001751318271"	"http://www.linkedin.com/pub/carlos-aguilar/74/9b/9"	"N"
"www.facebook.com/1479935097"	"http://www.linkedin.com/pub/jay-balvant-patel/75/4b/8aa"	"N"
"www.facebook.com/552173620"	"http://www.linkedin.com/pub/ayesha-khan/18/947/b5a"	"N"
"www.facebook.com/100000756142248"	"http://www.linkedin.com/pub/bob-smith/35/853/762"	"M"
"www.facebook.com/100004131341844"	"http://www.linkedin.com/pub/amy-smith/62/9b1/a29"	"N"
"www.facebook.com/770860404"	"http://www.linkedin.com/pub/mandy-chan/7/ab7/134"	"M"
"www.facebook.com/552195117"	"http://www.linkedin.com/pub/david-cohen/65/219/656"	"N"
"www.facebook.com/100002265680279"	"http://www.linkedin.com/pub/jimmy-rodriguez/76/a24/629"	"N"
"www.facebook.com/1844380046"	"http://www.linkedin.com/pub/jason-white/61/5b/4b5"	"M"
"www.facebook.com/100000754523651"	"http://www.linkedin.com/pub/alejandro-rivera/58/59b/164"	"M"
"www.facebook.com/1276454374"	"http://www.linkedin.com/pub/chris-williams/72/875/52"	"N"
"www.facebook.com/1715340818"	"http://www.linkedin.com/pub/anh-tran/b/905/94a"	"M"
"www.facebook.com/100001576764902"	"http://www.linkedin.com/pub/carlos-garcia/47/a87/595"	"N"
"www.facebook.com/100004379732856"	"http://www.linkedin.com/pub/amy-smith/62/9b1/a29"	"N"
"www.facebook.com/100000952189925"	"http://www.linkedin.com/pub/chris-brown/12/591/224"	"N"
"www.facebook.com/713225557"	"http://www.linkedin.com/pub/huy-nguyen/41/767/1b"	"N"
"www.facebook.com/100000533653950"	"http://www.linkedin.com/pub/danny-nguyen/12/42/549"	"N"
"www.facebook.com/100000707428536"	"http://www.linkedin.com/pub/eric-johnson/75/966/aa0"	"N"
"www.facebook.com/100002488571657"	"http://www.linkedin.com/pub/carlos-cruz/49/ab8/1b3"	"N"
"www.facebook.com/100002114426491"	"http://www.linkedin.com/pub/claudia-gonzalez/17/767/a37"	"M"
"www.facebook.com/1284231917"	"http://www.linkedin.com/pub/joshua-nicholes/45/93a/316"	"M"
"www.facebook.com/768020376"	"http://www.linkedin.com/pub/cesar-gonzalez/46/951/800"	"N"
"www.facebook.com/705062985"	"http://www.linkedin.com/pub/adam-jones/5a/560/964"	"M"
"www.facebook.com/100002588389171"	"http://www.linkedin.com/pub/carlos-castro/40/147/40"	"M"
"www.facebook.com/100000982249408"	"http://www.linkedin.com/pub/ana-gutierrez/51/458/589"	"M"
"www.facebook.com/100002280217149"	"http://www.linkedin.com/pub/david-sanchez/51/93b/93"	"M"
"www.facebook.com/100002860249949"	"http://www.linkedin.com/pub/alejandro-moreno/67/56b/179"	"M"
"www.facebook.com/100003687009954"	"http://www.linkedin.com/pub/danielle-smith/54/a60/8b8"	"N"
"www.facebook.com/726296338"	"http://www.linkedin.com/pub/carlos-diaz/66/46/290"	"M"
"www.facebook.com/100000940812690"	"http://www.linkedin.com/pub/carlos-torres/29/247/9a2"	"M"
"www.facebook.com/578361211"	"http://www.linkedin.com/pub/anil-kumar/23/ab3/43a"	"N"
"www.facebook.com/1121465918"	"http://www.linkedin.com/pub/angel-lopez/2b/b25/38b"	"N"
"www.facebook.com/100001836071083"	"http://www.linkedin.com/pub/carlos-alvarez/71/baa/57a"	"N"
"www.facebook.com/100001908507955"	"http://www.linkedin.com/pub/john-walker/71/8a6/4b0"	"N"
"www.facebook.com/100000362076369"	"http://www.linkedin.com/pub/john-lloyd/3/9b5/58"	"M"
"www.facebook.com/100000601263795"	"http://www.linkedin.com/pub/carlos-rodriguez/20/95/846"	"N"
"www.facebook.com/100001262705000"	"http://www.linkedin.com/in/sebaxtianf"	"M"
"www.facebook.com/1841918065"	"http://www.linkedin.com/pub/adam-jones/5a/560/964"	"N"
"www.facebook.com/100002334262860"	"http://www.linkedin.com/pub/alex-diaz/52/915/447"	"M"
"www.facebook.com/696871766"	"http://www.linkedin.com/pub/alejandro-torres/66/9b7/b3"	"N"
"www.facebook.com/570841248"	"http://www.linkedin.com/pub/francisco-gonzalez/68/610/63"	"N"
"www.facebook.com/100002451984517"	"http://www.linkedin.com/pub/david-cohen/65/219/656"	"M"
"www.facebook.com/100001512868111"	"http://www.linkedin.com/pub/alex-diaz/4a/57a/a49"	"M"
"www.facebook.com/711135675"	"http://www.linkedin.com/pub/david-sanchez/51/93b/93"	"N"
"www.facebook.com/100000883428082"	"http://www.linkedin.com/pub/armando-diaz/47/a27/4a6"	"M"
"www.facebook.com/1406601849"	"http://www.linkedin.com/in/datelush"	"M"
"www.facebook.com/1497199677"	"http://www.linkedin.com/pub/adriana-lopez/44/b8b/701"	"N"
"www.facebook.com/100000844181293"	"http://www.linkedin.com/pub/carlos-mejia/6b/239/368"	"M"
"www.facebook.com/100003233665600"	"http://www.linkedin.com/pub/angel-lopez/2b/b25/38b"	"N"
"www.facebook.com/100002226858718"	"http://www.linkedin.com/pub/carlos-mejia/6b/239/368"	"N"
"www.facebook.com/1129421520"	"http://www.linkedin.com/pub/david-sandor-king/5b/9b5/a1b"	"N"
"www.facebook.com/100001258542057"	"http://www.linkedin.com/pub/carmen-hernandez/70/564/a81"	"N"
"www.facebook.com/1215704032"	"http://www.linkedin.com/pub/angel-perez/37/89b/a85"	"N"
"www.facebook.com/665313292"	"http://www.linkedin.com/pub/chris-jones/47/535/2bb"	"N"
"www.facebook.com/592934953"	"http://www.linkedin.com/pub/carlos-garcia/10/a5b/941"	"N"
"www.facebook.com/100002476566660"	"http://www.linkedin.com/pub/claudia-gonzalez/17/767/a37"	"N"
"www.facebook.com/100003124003140"	"http://www.linkedin.com/pub/alex-garcia/4a/a38/a21"	"N"
"www.facebook.com/1405402804"	"http://www.linkedin.com/pub/chris-johnson/64/781/b41"	"N"
"www.facebook.com/100001696411413"	"http://www.linkedin.com/pub/diego-fernando-gutierrez/76/401/188"	"N"
"www.facebook.com/1115423489"	"http://www.linkedin.com/pub/diana-ramirez/65/164/138"	"N"
"www.facebook.com/1351284162"	"http://www.linkedin.com/pub/carlos-diaz/66/46/290"	"M"
"www.facebook.com/614114636"	"http://www.linkedin.com/pub/claudia-marcela-rodriguez/67/495/36b"	"N"
"www.facebook.com/100001951326687"	"http://www.linkedin.com/pub/carlos-garcia/10/a5b/941"	"M"
"www.facebook.com/737495631"	"http://www.linkedin.com/pub/jay-balvant-patel/75/4b/8aa"	"N"
"www.facebook.com/761819875"	"http://www.linkedin.com/pub/hai-nguyen/61/449/76"	"N"
"www.facebook.com/100002529460088"	"http://www.linkedin.com/pub/john-smith/1a/b72/121"	"N"
"www.facebook.com/100000704679817"	"http://www.linkedin.com/pub/claudia-lopez/6b/650/37"	"M"
"www.facebook.com/100001432176584"	"http://www.linkedin.com/pub/claudia-rodriguez/61/889/48a"	"M"
"www.facebook.com/100002224744751"	"http://www.linkedin.com/pub/jennifer-williams/4b/30/858"	"N"
"www.facebook.com/100002050639432"	"http://www.linkedin.com/pub/anh-le/61/a38/405"	"M"
"www.facebook.com/553495419"	"http://www.linkedin.com/pub/chris-davis/46/846/852"	"N"
"www.facebook.com/1758871171"	"http://www.linkedin.com/pub/thu-ha-nguyen/9/a44/573"	"M"
"www.facebook.com/100002145085237"	"http://www.linkedin.com/pub/cesar-flores/9/3b9/773"	"N"
"www.facebook.com/100002644392535"	"http://www.linkedin.com/pub/christopher-lee/49/52b/633"	"M"
"www.facebook.com/100001876210240"	"http://www.linkedin.com/pub/david-diaz/30/119/9b7"	"N"
"www.facebook.com/591968544"	"http://www.linkedin.com/pub/carlos-navarro/45/796/a21"	"N"
"www.facebook.com/100002314727588"	"http://www.linkedin.com/pub/emily-jones/62/a4a/139"	"N"
"www.facebook.com/100000441327147"	"http://www.linkedin.com/pub/anil-kumar/29/582/725"	"N"
"www.facebook.com/1321364044"	"http://www.linkedin.com/pub/ayesha-khan/18/947/b5a"	"N"
"www.facebook.com/527208014"	"http://www.linkedin.com/in/cristinagardu/en"	"M"
"www.facebook.com/1462024110"	"http://www.linkedin.com/pub/ana-hernandez/54/423/863"	"N"
"www.facebook.com/1084320142"	"http://www.linkedin.com/pub/james-clark/6b/65b/7a9"	"N"
"www.facebook.com/1012820517"	"http://www.linkedin.com/pub/jay-lee/70/22/354"	"M"
"www.facebook.com/1585514938"	"http://www.linkedin.com/pub/alejandro-torres/66/9b7/b3"	"N"
"www.facebook.com/1353318152"	"http://www.linkedin.com/pub/carlos-ruiz/58/793/3a2"	"M"
"www.facebook.com/100002199210158"	"http://www.linkedin.com/pub/antonio-garcia/72/4b6/248"	"M"
"www.facebook.com/100001332794338"	"http://www.linkedin.com/pub/adriana-garcia/50/156/340"	"N"
"www.facebook.com/100003012997711"	"http://www.linkedin.com/pub/angela-rodriguez/68/281/322"	"N"
"www.facebook.com/100003228639867"	"http://www.linkedin.com/pub/hai-nguyen/47/174/858"	"M"
"www.facebook.com/636266971"	"http://www.linkedin.com/pub/john-walker/71/8a6/4b0"	"N"
"www.facebook.com/627519363"	"http://www.linkedin.com/pub/cesar-flores/9/3b9/773"	"N"
"www.facebook.com/1631011552"	"http://www.linkedin.com/pub/jaime-hernandez/52/707/309"	"M"
"www.facebook.com/100002987092747"	"http://www.linkedin.com/pub/ayesha-khan/18/947/b5a"	"N"
"www.facebook.com/100001418129244"	"http://www.linkedin.com/pub/carmen-hernandez/70/564/a81"	"N"
"www.facebook.com/100001835427207"	"http://www.linkedin.com/pub/brenda-rodriguez/15/581/566"	"N"
"www.facebook.com/1220962980"	"http://www.linkedin.com/pub/angel-perez/37/89b/a85"	"M"
"www.facebook.com/100002289865665"	"http://www.linkedin.com/pub/emily-jones/62/a4a/139"	"N"
"www.facebook.com/638977224"	"http://www.linkedin.com/pub/alex-chan/71/623/490"	"M"
"www.facebook.com/1585302349"	"http://www.linkedin.com/pub/jorge-espinoza/74/833/11"	"M"
"www.facebook.com/540668003"	"http://www.linkedin.com/pub/alejandro-moreno/67/56b/179"	"M"
"www.facebook.com/1047077105"	"http://www.linkedin.com/pub/david-wong/47/a27/909"	"M"
"www.facebook.com/100002276761120"	"http://www.linkedin.com/pub/adriana-lopez/44/b8b/701"	"M"
"www.facebook.com/1525982363"	"http://www.linkedin.com/pub/jennifer-williams/4b/30/858"	"N"
"www.facebook.com/515644799"	"http://www.linkedin.com/pub/arturo-gomez/4a/51/22"	"M"
"www.facebook.com/100002271368190"	"http://www.linkedin.com/pub/andres-a-gonzalez/33/a09/a93"	"M"
"www.facebook.com/100003061517024"	"http://www.linkedin.com/pub/carlos-rodriguez/20/95/846"	"M"
"www.facebook.com/1366897940"	"http://www.linkedin.com/pub/chris-williams/72/875/52"	"N"
"www.facebook.com/1004091571"	"http://www.linkedin.com/pub/anil-kumar/23/ab3/43a"	"N"
"www.facebook.com/100002439969339"	"http://www.linkedin.com/pub/enrique-rodriguez/71/93b/2a3"	"N"
"www.facebook.com/693640240"	"http://www.linkedin.com/pub/john-lee/35/95a/1a5"	"N"
"www.facebook.com/100000072542258"	"http://www.linkedin.com/pub/chris-davis/46/846/852"	"M"
"www.facebook.com/633322537"	"http://www.linkedin.com/pub/jason-white/61/5b/4b5"	"N"
"www.facebook.com/32800520"	"http://www.linkedin.com/pub/olga-garcia/69/61b/504"	"N"
"www.facebook.com/1193817165"	"http://www.linkedin.com/pub/laura-lopez/46/633/b62"	"M"
"www.facebook.com/100003158064058"	"http://www.linkedin.com/pub/an-nguyen/15/43b/977"	"N"
"www.facebook.com/757503571"	"http://www.linkedin.com/pub/jean-lee/58/8a1/29a"	"N"
"www.facebook.com/100000385536127"	"http://www.linkedin.com/pub/elizabeth-rodriguez/64/263/216"	"M"
"www.facebook.com/1058136485"	"http://www.linkedin.com/pub/angel-gomez/65/95b/306"	"N"
"www.facebook.com/100002093204408"	"http://www.linkedin.com/pub/ana-flores/71/801/238"	"M"
"www.facebook.com/100000410501406"	"http://www.linkedin.com/pub/ashley-green/6a/168/234"	"N"
"www.facebook.com/100004073240744"	"http://www.linkedin.com/pub/alice-lee/44/a90/790"	"N"
"www.facebook.com/100001624933145"	"http://www.linkedin.com/pub/jay-balvant-patel/75/4b/8aa"	"N"
"www.facebook.com/100000229308209"	"http://www.linkedin.com/pub/eduardo-perez/4b/22/899"	"N"
"www.facebook.com/100001609576422"	"http://www.linkedin.com/pub/alejandro-rivera/58/59b/164"	"M"
"www.facebook.com/1249718028"	"http://www.linkedin.com/pub/ana-rodriguez/23/662/6b4"	"N"
"www.facebook.com/100000005499435"	"http://www.linkedin.com/pub/alexis-fernandez/60/930/a0a"	"M"
"www.facebook.com/100000152912232"	"http://www.linkedin.com/pub/michael-mowery/18/b91/604"	"N"
"www.facebook.com/15802642"	"http://www.linkedin.com/pub/david-freeman/15/aaa/3b3"	"M"
"www.facebook.com/625742906"	"http://www.linkedin.com/pub/ana-alvarez/6b/12a/882"	"N"
"www.facebook.com/1070269748"	"http://www.linkedin.com/pub/jorge-blanco/5a/56/188"	"M"
"www.facebook.com/509573387"	"http://www.linkedin.com/pub/peter-lai/1a/9bb/78"	"M"
"www.facebook.com/100004419672117"	"http://www.linkedin.com/pub/david-smith/10/4a6/31a"	"N"
"www.facebook.com/100003076526383"	"http://www.linkedin.com/pub/carlos-aguilar/74/9b/9"	"N"
"www.facebook.com/100003656927325"	"http://www.linkedin.com/pub/john-smith/1a/b72/121"	"N"
"www.facebook.com/100002604678170"	"http://www.linkedin.com/pub/bob-smith/35/853/762"	"N"
"www.facebook.com/100001788223564"	"http://www.linkedin.com/pub/ana-gutierrez/51/458/589"	"N"
"www.facebook.com/100002202203279"	"http://www.linkedin.com/pub/alex-flores/15/71b/573"	"N"
"www.facebook.com/100001216343647"	"http://www.linkedin.com/pub/ana-rodriguez/23/662/6b4"	"N"
"www.facebook.com/100000277642980"	"http://www.linkedin.com/pub/jesus-ramirez/69/97b/852"	"N"
"www.facebook.com/100001215703815"	"http://www.linkedin.com/pub/angel-lopez/2b/b25/38b"	"N"
"www.facebook.com/1193683689"	"http://www.linkedin.com/pub/francisco-gonzalez/68/610/63"	"N"
"www.facebook.com/100001888567720"	"http://www.linkedin.com/pub/carlos-castro/40/147/40"	"M"
"www.facebook.com/100000076817226"	"http://www.linkedin.com/pub/eric-johnson/75/966/aa0"	"N"
"www.facebook.com/100001207926778"	"http://www.linkedin.com/pub/alex-alvarez/5a/346/725"	"N"
"www.facebook.com/100000529554017"	"http://www.linkedin.com/pub/diana-martinez/9/690/a40"	"N"
"www.facebook.com/100001333025496"	"http://www.linkedin.com/pub/claudia-rodriguez/61/889/48a"	"M"
"www.facebook.com/100003382625077"	"http://www.linkedin.com/pub/carmen-hernandez/70/564/a81"	"M"
"www.facebook.com/1190288948"	"http://www.linkedin.com/pub/adam-jones/5a/560/964"	"N"
"www.facebook.com/628009086"	"http://www.linkedin.com/pub/angela-rodriguez/68/281/322"	"N"
"www.facebook.com/100002599525612"	"http://www.linkedin.com/pub/carlos-diaz/66/46/290"	"M"
"www.facebook.com/100003176206415"	"http://www.linkedin.com/pub/alex-garcia/4a/a38/a21"	"N"
"www.facebook.com/100001850265086"	"http://www.linkedin.com/pub/diana-ramirez/65/164/138"	"N"
"www.facebook.com/161890780525207"	"http://www.linkedin.com/pub/manuel-gonzalez/23/667/5a5"	"N"
"www.facebook.com/34101620"	"http://www.linkedin.com/pub/chris-brown/41/6b7/398"	"N"
"www.facebook.com/100000189298118"	"http://www.linkedin.com/pub/binh-nguyen/69/525/21b"	"M"
"www.facebook.com/100002125369739"	"http://www.linkedin.com/pub/adam-jones/5a/560/964"	"N"
"www.facebook.com/680189460"	"http://www.linkedin.com/pub/james-wong/52/835/880"	"M"
"www.facebook.com/100003152105868"	"http://www.linkedin.com/pub/carlos-castro/40/147/40"	"N"
"www.facebook.com/100000318418968"	"http://www.linkedin.com/pub/carlos-torres/29/247/9a2"	"N"
"www.facebook.com/1553551094"	"http://www.linkedin.com/pub/david-diaz/30/119/9b7"	"M"
"www.facebook.com/649881051"	"http://www.linkedin.com/pub/an-nguyen/15/43b/977"	"M"
"www.facebook.com/100003121352750"	"http://www.linkedin.com/pub/alex-diaz/4a/57a/a49"	"N"
"www.facebook.com/1560946508"	"http://www.linkedin.com/pub/javier-lopez/5a/303/466"	"M"
"www.facebook.com/619339069"	"http://www.linkedin.com/pub/hai-nguyen/47/174/858"	"N"
"www.facebook.com/100000785840882"	"http://www.linkedin.com/pub/danny-nguyen/12/42/549"	"M"
"www.facebook.com/100000273461139"	"http://www.linkedin.com/pub/david-diaz/30/119/9b7"	"N"
"www.facebook.com/707705451"	"http://www.linkedin.com/pub/hector-garcia/9/aba/bab"	"N"
"www.facebook.com/738151982"	"http://www.linkedin.com/pub/brenda-rodriguez/69/a52/903"	"N"
"www.facebook.com/100002240678734"	"http://www.linkedin.com/pub/ana-alvarez/6b/12a/882"	"N"
"www.facebook.com/707792195"	"http://www.linkedin.com/pub/raymond-lee/47/511/bb8"	"M"
"www.facebook.com/1004091571"	"http://www.linkedin.com/pub/anil-kumar/29/582/725"	"N"
"www.facebook.com/100001019689294"	"http://www.linkedin.com/pub/carlos-rodriguez/20/95/846"	"N"
"www.facebook.com/523682545"	"http://www.linkedin.com/pub/claudia-rodriguez/61/889/48a"	"N"
"www.facebook.com/100001972908730"	"http://www.linkedin.com/pub/arturo-gomez/4a/51/22"	"M"
"www.facebook.com/7708467"	"http://www.linkedin.com/pub/brian-johnson/54/33b/b86"	"N"
"www.facebook.com/100002962151137"	"http://www.linkedin.com/pub/antonio-hernandez/47/ab3/646"	"M"
"www.facebook.com/100003585763571"	"http://www.linkedin.com/pub/alejandro-rivera/58/59b/164"	"N"
